industry,date,employed
"Agriculture, Forestry and Fishing",2006-02-01,348100
"Agriculture, Forestry and Fishing",2006-05-01,347100
"Agriculture, Forestry and Fishing",2006-08-01,346400
"Agriculture, Forestry and Fishing",2006-11-01,345900
"Agriculture, Forestry and Fishing",2007-02-01,345700
"Agriculture, Forestry and Fishing",2007-05-01,345600
"Agriculture, Forestry and Fishing",2007-08-01,345700
"Agriculture, Forestry and Fishing",2007-11-01,345900
"Agriculture, Forestry and Fishing",2008-02-01,346100
"Agriculture, Forestry and Fishing",2008-05-01,346300
"Agriculture, Forestry and Fishing",2008-08-01,346500
"Agriculture, Forestry and Fishing",2008-11-01,346400
"Agriculture, Forestry and Fishing",2009-02-01,346200
"Agriculture, Forestry and Fishing",2009-05-01,345600
"Agriculture, Forestry and Fishing",2009-08-01,344800
"Agriculture, Forestry and Fishing",2009-11-01,343600
"Agriculture, Forestry and Fishing",2010-02-01,342000
"Agriculture, Forestry and Fishing",2010-05-01,340100
"Agriculture, Forestry and Fishing",2010-08-01,337700
"Agriculture, Forestry and Fishing",2010-11-01,335100
"Agriculture, Forestry and Fishing",2011-02-01,332200
"Agriculture, Forestry and Fishing",2011-05-01,329200
"Agriculture, Forestry and Fishing",2011-08-01,326300
"Agriculture, Forestry and Fishing",2011-11-01,323500
"Agriculture, Forestry and Fishing",2012-02-01,321000
"Agriculture, Forestry and Fishing",2012-05-01,318600
"Agriculture, Forestry and Fishing",2012-08-01,316400
"Agriculture, Forestry and Fishing",2012-11-01,314600
"Agriculture, Forestry and Fishing",2013-02-01,313100
"Agriculture, Forestry and Fishing",2013-05-01,312100
"Agriculture, Forestry and Fishing",2013-08-01,311400
"Agriculture, Forestry and Fishing",2013-11-01,311200
"Agriculture, Forestry and Fishing",2014-02-01,311100
"Agriculture, Forestry and Fishing",2014-05-01,311300
"Agriculture, Forestry and Fishing",2014-08-01,311500
"Agriculture, Forestry and Fishing",2014-11-01,311800
"Agriculture, Forestry and Fishing",2015-02-01,312200
"Agriculture, Forestry and Fishing",2015-05-01,312700
"Agriculture, Forestry and Fishing",2015-08-01,313400
"Agriculture, Forestry and Fishing",2015-11-01,314100
"Agriculture, Forestry and Fishing",2016-02-01,315100
"Agriculture, Forestry and Fishing",2016-05-01,316100
"Agriculture, Forestry and Fishing",2016-08-01,317300
"Agriculture, Forestry and Fishing",2016-11-01,318600
"Agriculture, Forestry and Fishing",2017-02-01,320100
"Agriculture, Forestry and Fishing",2017-05-01,321800
"Agriculture, Forestry and Fishing",2017-08-01,323500
"Agriculture, Forestry and Fishing",2017-11-01,325100
"Agriculture, Forestry and Fishing",2018-02-01,326600
"Agriculture, Forestry and Fishing",2018-05-01,328000
"Agriculture, Forestry and Fishing",2018-08-01,329100
"Agriculture, Forestry and Fishing",2018-11-01,330000
"Agriculture, Forestry and Fishing",2019-02-01,330700
"Agriculture, Forestry and Fishing",2019-05-01,331100
"Agriculture, Forestry and Fishing",2019-08-01,331300
"Agriculture, Forestry and Fishing",2019-11-01,331300
"Agriculture, Forestry and Fishing",2020-02-01,331000
"Agriculture, Forestry and Fishing",2020-05-01,330400
"Agriculture, Forestry and Fishing",2020-08-01,329400
"Agriculture, Forestry and Fishing",2020-11-01,328000
"Agriculture, Forestry and Fishing",2021-02-01,326200
"Agriculture, Forestry and Fishing",2021-05-01,324200
"Agriculture, Forestry and Fishing",2021-08-01,321900
"Agriculture, Forestry and Fishing",2021-11-01,319700
"Agriculture, Forestry and Fishing",2022-02-01,317400
"Agriculture, Forestry and Fishing",2022-05-01,315200
"Agriculture, Forestry and Fishing",2022-08-01,313300
"Agriculture, Forestry and Fishing",2022-11-01,311700
"Agriculture, Forestry and Fishing",2023-02-01,310200
"Agriculture, Forestry and Fishing",2023-05-01,309000
"Agriculture, Forestry and Fishing",2023-08-01,308000
"Agriculture, Forestry and Fishing",2023-11-01,307000
"Agriculture, Forestry and Fishing",2024-02-01,306000
"Agriculture, Forestry and Fishing",2024-05-01,304800
"Agriculture, Forestry and Fishing",2024-08-01,303400
"Agriculture, Forestry and Fishing",2024-11-01,301800
"Agriculture, Forestry and Fishing",2025-02-01,300000
"Agriculture, Forestry and Fishing",2025-05-01,298100
"Agriculture, Forestry and Fishing",2025-08-01,296200
"Agriculture, Forestry and Fishing",2025-11-01,294200
"Agriculture, Forestry and Fishing",2026-02-01,292200
Mining,2006-02-01,123700
Mining,2006-05-01,127000
Mining,2006-08-01,130300
Mining,2006-11-01,133500
Mining,2007-02-01,136800
Mining,2007-05-01,140200
Mining,2007-08-01,143700
Mining,2007-11-01,147400
Mining,2008-02-01,151300
Mining,2008-05-01,155400
Mining,2008-08-01,159600
Mining,2008-11-01,164000
Mining,2009-02-01,168500
Mining,2009-05-01,173300
Mining,2009-08-01,178500
Mining,2009-11-01,184000
Mining,2010-02-01,189900
Mining,2010-05-01,196100
Mining,2010-08-01,202600
Mining,2010-11-01,209300
Mining,2011-02-01,216000
Mining,2011-05-01,222600
Mining,2011-08-01,229000
Mining,2011-11-01,235000
Mining,2012-02-01,240300
Mining,2012-05-01,244900
Mining,2012-08-01,248500
Mining,2012-11-01,251100
Mining,2013-02-01,252700
Mining,2013-05-01,253300
Mining,2013-08-01,253100
Mining,2013-11-01,252000
Mining,2014-02-01,250200
Mining,2014-05-01,247900
Mining,2014-08-01,245200
Mining,2014-11-01,242400
Mining,2015-02-01,239600
Mining,2015-05-01,237200
Mining,2015-08-01,235100
Mining,2015-11-01,233400
Mining,2016-02-01,232300
Mining,2016-05-01,231800
Mining,2016-08-01,231900
Mining,2016-11-01,232600
Mining,2017-02-01,233900
Mining,2017-05-01,235700
Mining,2017-08-01,238000
Mining,2017-11-01,240700
Mining,2018-02-01,243700
Mining,2018-05-01,246900
Mining,2018-08-01,250300
Mining,2018-11-01,253700
Mining,2019-02-01,257000
Mining,2019-05-01,260300
Mining,2019-08-01,263700
Mining,2019-11-01,267000
Mining,2020-02-01,270400
Mining,2020-05-01,273800
Mining,2020-08-01,277300
Mining,2020-11-01,280900
Mining,2021-02-01,284500
Mining,2021-05-01,288000
Mining,2021-08-01,291400
Mining,2021-11-01,294700
Mining,2022-02-01,297600
Mining,2022-05-01,300300
Mining,2022-08-01,302600
Mining,2022-11-01,304600
Mining,2023-02-01,306400
Mining,2023-05-01,307800
Mining,2023-08-01,308900
Mining,2023-11-01,309800
Mining,2024-02-01,310400
Mining,2024-05-01,310900
Mining,2024-08-01,311400
Mining,2024-11-01,311800
Mining,2025-02-01,312300
Mining,2025-05-01,312700
Mining,2025-08-01,313200
Mining,2025-11-01,313800
Mining,2026-02-01,314500
Manufacturing,2006-02-01,1014100
Manufacturing,2006-05-01,1012500
Manufacturing,2006-08-01,1012600
Manufacturing,2006-11-01,1015200
Manufacturing,2007-02-01,1021000
Manufacturing,2007-05-01,1029100
Manufacturing,2007-08-01,1037600
Manufacturing,2007-11-01,1045300
Manufacturing,2008-02-01,1049500
Manufacturing,2008-05-01,1047300
Manufacturing,2008-08-01,1039400
Manufacturing,2008-11-01,1028300
Manufacturing,2009-02-01,1017100
Manufacturing,2009-05-01,1007200
Manufacturing,2009-08-01,999600
Manufacturing,2009-11-01,992700
Manufacturing,2010-02-01,986900
Manufacturing,2010-05-01,981300
Manufacturing,2010-08-01,976700
Manufacturing,2010-11-01,971300
Manufacturing,2011-02-01,964100
Manufacturing,2011-05-01,955900
Manufacturing,2011-08-01,949100
Manufacturing,2011-11-01,945900
Manufacturing,2012-02-01,944800
Manufacturing,2012-05-01,943900
Manufacturing,2012-08-01,942400
Manufacturing,2012-11-01,938900
Manufacturing,2013-02-01,933300
Manufacturing,2013-05-01,928500
Manufacturing,2013-08-01,926100
Manufacturing,2013-11-01,925500
Manufacturing,2014-02-01,924200
Manufacturing,2014-05-01,921700
Manufacturing,2014-08-01,918400
Manufacturing,2014-11-01,913800
Manufacturing,2015-02-01,907900
Manufacturing,2015-05-01,900300
Manufacturing,2015-08-01,892500
Manufacturing,2015-11-01,888300
Manufacturing,2016-02-01,889900
Manufacturing,2016-05-01,894100
Manufacturing,2016-08-01,899300
Manufacturing,2016-11-01,904000
Manufacturing,2017-02-01,902900
Manufacturing,2017-05-01,899600
Manufacturing,2017-08-01,898700
Manufacturing,2017-11-01,903300
Manufacturing,2018-02-01,911900
Manufacturing,2018-05-01,918300
Manufacturing,2018-08-01,917100
Manufacturing,2018-11-01,908300
Manufacturing,2019-02-01,898600
Manufacturing,2019-05-01,892900
Manufacturing,2019-08-01,888900
Manufacturing,2019-11-01,886700
Manufacturing,2020-02-01,882200
Manufacturing,2020-05-01,875900
Manufacturing,2020-08-01,872600
Manufacturing,2020-11-01,874700
Manufacturing,2021-02-01,882200
Manufacturing,2021-05-01,888500
Manufacturing,2021-08-01,887600
Manufacturing,2021-11-01,877000
Manufacturing,2022-02-01,865600
Manufacturing,2022-05-01,858900
Manufacturing,2022-08-01,859900
Manufacturing,2022-11-01,867800
Manufacturing,2023-02-01,880000
Manufacturing,2023-05-01,893900
Manufacturing,2023-08-01,904800
Manufacturing,2023-11-01,909400
Manufacturing,2024-02-01,907500
Manufacturing,2024-05-01,901100
Manufacturing,2024-08-01,892800
Manufacturing,2024-11-01,884400
Manufacturing,2025-02-01,876800
Manufacturing,2025-05-01,870400
Manufacturing,2025-08-01,866800
Manufacturing,2025-11-01,866600
Manufacturing,2026-02-01,868100
"Electricity, Gas, Water and Waste Services",2006-02-01,102400
"Electricity, Gas, Water and Waste Services",2006-05-01,104200
"Electricity, Gas, Water and Waste Services",2006-08-01,106000
"Electricity, Gas, Water and Waste Services",2006-11-01,107900
"Electricity, Gas, Water and Waste Services",2007-02-01,109800
"Electricity, Gas, Water and Waste Services",2007-05-01,111800
"Electricity, Gas, Water and Waste Services",2007-08-01,113900
"Electricity, Gas, Water and Waste Services",2007-11-01,116000
"Electricity, Gas, Water and Waste Services",2008-02-01,118200
"Electricity, Gas, Water and Waste Services",2008-05-01,120500
"Electricity, Gas, Water and Waste Services",2008-08-01,122700
"Electricity, Gas, Water and Waste Services",2008-11-01,124900
"Electricity, Gas, Water and Waste Services",2009-02-01,127000
"Electricity, Gas, Water and Waste Services",2009-05-01,129100
"Electricity, Gas, Water and Waste Services",2009-08-01,131000
"Electricity, Gas, Water and Waste Services",2009-11-01,132900
"Electricity, Gas, Water and Waste Services",2010-02-01,134800
"Electricity, Gas, Water and Waste Services",2010-05-01,136500
"Electricity, Gas, Water and Waste Services",2010-08-01,138000
"Electricity, Gas, Water and Waste Services",2010-11-01,139500
"Electricity, Gas, Water and Waste Services",2011-02-01,140800
"Electricity, Gas, Water and Waste Services",2011-05-01,141900
"Electricity, Gas, Water and Waste Services",2011-08-01,142900
"Electricity, Gas, Water and Waste Services",2011-11-01,143700
"Electricity, Gas, Water and Waste Services",2012-02-01,144400
"Electricity, Gas, Water and Waste Services",2012-05-01,144900
"Electricity, Gas, Water and Waste Services",2012-08-01,145200
"Electricity, Gas, Water and Waste Services",2012-11-01,145500
"Electricity, Gas, Water and Waste Services",2013-02-01,145600
"Electricity, Gas, Water and Waste Services",2013-05-01,145700
"Electricity, Gas, Water and Waste Services",2013-08-01,145700
"Electricity, Gas, Water and Waste Services",2013-11-01,145600
"Electricity, Gas, Water and Waste Services",2014-02-01,145400
"Electricity, Gas, Water and Waste Services",2014-05-01,145200
"Electricity, Gas, Water and Waste Services",2014-08-01,145000
"Electricity, Gas, Water and Waste Services",2014-11-01,144800
"Electricity, Gas, Water and Waste Services",2015-02-01,144500
"Electricity, Gas, Water and Waste Services",2015-05-01,144300
"Electricity, Gas, Water and Waste Services",2015-08-01,144200
"Electricity, Gas, Water and Waste Services",2015-11-01,144000
"Electricity, Gas, Water and Waste Services",2016-02-01,143900
"Electricity, Gas, Water and Waste Services",2016-05-01,143900
"Electricity, Gas, Water and Waste Services",2016-08-01,144000
"Electricity, Gas, Water and Waste Services",2016-11-01,144100
"Electricity, Gas, Water and Waste Services",2017-02-01,144300
"Electricity, Gas, Water and Waste Services",2017-05-01,144700
"Electricity, Gas, Water and Waste Services",2017-08-01,145000
"Electricity, Gas, Water and Waste Services",2017-11-01,145500
"Electricity, Gas, Water and Waste Services",2018-02-01,146000
"Electricity, Gas, Water and Waste Services",2018-05-01,146500
"Electricity, Gas, Water and Waste Services",2018-08-01,147100
"Electricity, Gas, Water and Waste Services",2018-11-01,147700
"Electricity, Gas, Water and Waste Services",2019-02-01,148300
"Electricity, Gas, Water and Waste Services",2019-05-01,148900
"Electricity, Gas, Water and Waste Services",2019-08-01,149500
"Electricity, Gas, Water and Waste Services",2019-11-01,150200
"Electricity, Gas, Water and Waste Services",2020-02-01,151000
"Electricity, Gas, Water and Waste Services",2020-05-01,151800
"Electricity, Gas, Water and Waste Services",2020-08-01,152700
"Electricity, Gas, Water and Waste Services",2020-11-01,153700
"Electricity, Gas, Water and Waste Services",2021-02-01,154800
"Electricity, Gas, Water and Waste Services",2021-05-01,156100
"Electricity, Gas, Water and Waste Services",2021-08-01,157600
"Electricity, Gas, Water and Waste Services",2021-11-01,159300
"Electricity, Gas, Water and Waste Services",2022-02-01,161200
"Electricity, Gas, Water and Waste Services",2022-05-01,163300
"Electricity, Gas, Water and Waste Services",2022-08-01,165600
"Electricity, Gas, Water and Waste Services",2022-11-01,168100
"Electricity, Gas, Water and Waste Services",2023-02-01,170900
"Electricity, Gas, Water and Waste Services",2023-05-01,173900
"Electricity, Gas, Water and Waste Services",2023-08-01,177100
"Electricity, Gas, Water and Waste Services",2023-11-01,180500
"Electricity, Gas, Water and Waste Services",2024-02-01,184100
"Electricity, Gas, Water and Waste Services",2024-05-01,187800
"Electricity, Gas, Water and Waste Services",2024-08-01,191700
"Electricity, Gas, Water and Waste Services",2024-11-01,195600
"Electricity, Gas, Water and Waste Services",2025-02-01,199700
"Electricity, Gas, Water and Waste Services",2025-05-01,203800
"Electricity, Gas, Water and Waste Services",2025-08-01,207900
"Electricity, Gas, Water and Waste Services",2025-11-01,212100
"Electricity, Gas, Water and Waste Services",2026-02-01,216300
Construction,2006-02-01,872300
Construction,2006-05-01,886000
Construction,2006-08-01,900400
Construction,2006-11-01,914700
Construction,2007-02-01,925500
Construction,2007-05-01,932900
Construction,2007-08-01,940600
Construction,2007-11-01,951700
Construction,2008-02-01,963800
Construction,2008-05-01,972500
Construction,2008-08-01,978300
Construction,2008-11-01,981800
Construction,2009-02-01,982800
Construction,2009-05-01,981400
Construction,2009-08-01,979700
Construction,2009-11-01,980500
Construction,2010-02-01,984100
Construction,2010-05-01,988900
Construction,2010-08-01,993800
Construction,2010-11-01,1000300
Construction,2011-02-01,1005000
Construction,2011-05-01,1007100
Construction,2011-08-01,1004600
Construction,2011-11-01,999300
Construction,2012-02-01,992100
Construction,2012-05-01,984700
Construction,2012-08-01,980700
Construction,2012-11-01,983400
Construction,2013-02-01,989500
Construction,2013-05-01,995400
Construction,2013-08-01,1001500
Construction,2013-11-01,1007100
Construction,2014-02-01,1013700
Construction,2014-05-01,1020100
Construction,2014-08-01,1025500
Construction,2014-11-01,1029700
Construction,2015-02-01,1032000
Construction,2015-05-01,1034500
Construction,2015-08-01,1038100
Construction,2015-11-01,1044600
Construction,2016-02-01,1052900
Construction,2016-05-01,1061700
Construction,2016-08-01,1071200
Construction,2016-11-01,1085500
Construction,2017-02-01,1104400
Construction,2017-05-01,1124400
Construction,2017-08-01,1143100
Construction,2017-11-01,1158600
Construction,2018-02-01,1169000
Construction,2018-05-01,1172800
Construction,2018-08-01,1172700
Construction,2018-11-01,1171200
Construction,2019-02-01,1171300
Construction,2019-05-01,1173400
Construction,2019-08-01,1175700
Construction,2019-11-01,1177300
Construction,2020-02-01,1175900
Construction,2020-05-01,1171000
Construction,2020-08-01,1164200
Construction,2020-11-01,1157800
Construction,2021-02-01,1151800
Construction,2021-05-01,1147700
Construction,2021-08-01,1148700
Construction,2021-11-01,1159600
Construction,2022-02-01,1180400
Construction,2022-05-01,1208900
Construction,2022-08-01,1242000
Construction,2022-11-01,1272700
Construction,2023-02-01,1296400
Construction,2023-05-01,1311500
Construction,2023-08-01,1320900
Construction,2023-11-01,1328400
Construction,2024-02-01,1333800
Construction,2024-05-01,1338300
Construction,2024-08-01,1341700
Construction,2024-11-01,1346700
Construction,2025-02-01,1349500
Construction,2025-05-01,1349400
Construction,2025-08-01,1352600
Construction,2025-11-01,1360900
Construction,2026-02-01,1371500
Wholesale Trade,2006-02-01,382500
Wholesale Trade,2006-05-01,384500
Wholesale Trade,2006-08-01,386400
Wholesale Trade,2006-11-01,388400
Wholesale Trade,2007-02-01,390300
Wholesale Trade,2007-05-01,392100
Wholesale Trade,2007-08-01,393900
Wholesale Trade,2007-11-01,395800
Wholesale Trade,2008-02-01,397600
Wholesale Trade,2008-05-01,399400
Wholesale Trade,2008-08-01,401200
Wholesale Trade,2008-11-01,402900
Wholesale Trade,2009-02-01,404600
Wholesale Trade,2009-05-01,406200
Wholesale Trade,2009-08-01,407600
Wholesale Trade,2009-11-01,408900
Wholesale Trade,2010-02-01,410000
Wholesale Trade,2010-05-01,410800
Wholesale Trade,2010-08-01,411500
Wholesale Trade,2010-11-01,412000
Wholesale Trade,2011-02-01,412400
Wholesale Trade,2011-05-01,412700
Wholesale Trade,2011-08-01,412900
Wholesale Trade,2011-11-01,412900
Wholesale Trade,2012-02-01,412700
Wholesale Trade,2012-05-01,412300
Wholesale Trade,2012-08-01,411600
Wholesale Trade,2012-11-01,410500
Wholesale Trade,2013-02-01,409000
Wholesale Trade,2013-05-01,407000
Wholesale Trade,2013-08-01,404400
Wholesale Trade,2013-11-01,401600
Wholesale Trade,2014-02-01,398500
Wholesale Trade,2014-05-01,395200
Wholesale Trade,2014-08-01,391900
Wholesale Trade,2014-11-01,388700
Wholesale Trade,2015-02-01,385600
Wholesale Trade,2015-05-01,382600
Wholesale Trade,2015-08-01,379900
Wholesale Trade,2015-11-01,377400
Wholesale Trade,2016-02-01,375200
Wholesale Trade,2016-05-01,373500
Wholesale Trade,2016-08-01,372100
Wholesale Trade,2016-11-01,371200
Wholesale Trade,2017-02-01,370700
Wholesale Trade,2017-05-01,370700
Wholesale Trade,2017-08-01,371100
Wholesale Trade,2017-11-01,371900
Wholesale Trade,2018-02-01,373000
Wholesale Trade,2018-05-01,374400
Wholesale Trade,2018-08-01,375800
Wholesale Trade,2018-11-01,377200
Wholesale Trade,2019-02-01,378400
Wholesale Trade,2019-05-01,379300
Wholesale Trade,2019-08-01,379800
Wholesale Trade,2019-11-01,379900
Wholesale Trade,2020-02-01,379500
Wholesale Trade,2020-05-01,378800
Wholesale Trade,2020-08-01,377800
Wholesale Trade,2020-11-01,376600
Wholesale Trade,2021-02-01,375200
Wholesale Trade,2021-05-01,373800
Wholesale Trade,2021-08-01,372500
Wholesale Trade,2021-11-01,371400
Wholesale Trade,2022-02-01,370600
Wholesale Trade,2022-05-01,370000
Wholesale Trade,2022-08-01,369600
Wholesale Trade,2022-11-01,369300
Wholesale Trade,2023-02-01,369000
Wholesale Trade,2023-05-01,368400
Wholesale Trade,2023-08-01,367600
Wholesale Trade,2023-11-01,366100
Wholesale Trade,2024-02-01,364100
Wholesale Trade,2024-05-01,361300
Wholesale Trade,2024-08-01,357800
Wholesale Trade,2024-11-01,353800
Wholesale Trade,2025-02-01,349300
Wholesale Trade,2025-05-01,344400
Wholesale Trade,2025-08-01,339400
Wholesale Trade,2025-11-01,334200
Wholesale Trade,2026-02-01,328900
Retail Trade,2006-02-01,1162900
Retail Trade,2006-05-01,1163700
Retail Trade,2006-08-01,1166900
Retail Trade,2006-11-01,1173100
Retail Trade,2007-02-01,1181400
Retail Trade,2007-05-01,1191800
Retail Trade,2007-08-01,1204100
Retail Trade,2007-11-01,1214900
Retail Trade,2008-02-01,1220100
Retail Trade,2008-05-01,1220500
Retail Trade,2008-08-01,1217300
Retail Trade,2008-11-01,1212200
Retail Trade,2009-02-01,1205300
Retail Trade,2009-05-01,1196400
Retail Trade,2009-08-01,1187800
Retail Trade,2009-11-01,1183300
Retail Trade,2010-02-01,1181700
Retail Trade,2010-05-01,1183900
Retail Trade,2010-08-01,1189500
Retail Trade,2010-11-01,1196300
Retail Trade,2011-02-01,1200300
Retail Trade,2011-05-01,1200800
Retail Trade,2011-08-01,1199200
Retail Trade,2011-11-01,1197000
Retail Trade,2012-02-01,1195600
Retail Trade,2012-05-01,1196400
Retail Trade,2012-08-01,1199900
Retail Trade,2012-11-01,1205900
Retail Trade,2013-02-01,1211900
Retail Trade,2013-05-01,1218000
Retail Trade,2013-08-01,1222900
Retail Trade,2013-11-01,1228300
Retail Trade,2014-02-01,1230600
Retail Trade,2014-05-01,1230800
Retail Trade,2014-08-01,1230500
Retail Trade,2014-11-01,1231600
Retail Trade,2015-02-01,1233600
Retail Trade,2015-05-01,1239200
Retail Trade,2015-08-01,1247900
Retail Trade,2015-11-01,1254600
Retail Trade,2016-02-01,1253700
Retail Trade,2016-05-01,1247400
Retail Trade,2016-08-01,1240900
Retail Trade,2016-11-01,1239100
Retail Trade,2017-02-01,1241300
Retail Trade,2017-05-01,1249300
Retail Trade,2017-08-01,1259300
Retail Trade,2017-11-01,1268900
Retail Trade,2018-02-01,1272300
Retail Trade,2018-05-01,1270800
Retail Trade,2018-08-01,1268500
Retail Trade,2018-11-01,1267800
Retail Trade,2019-02-01,1265100
Retail Trade,2019-05-01,1260400
Retail Trade,2019-08-01,1253500
Retail Trade,2019-11-01,1247900
Retail Trade,2020-02-01,1243800
Retail Trade,2020-08-01,1247500
Retail Trade,2020-11-01,1256200
Retail Trade,2021-02-01,1263000
Retail Trade,2021-05-01,1266000
Retail Trade,2021-08-01,1268000
Retail Trade,2021-11-01,1275700
Retail Trade,2022-02-01,1286700
Retail Trade,2022-05-01,1301000
Retail Trade,2022-08-01,1316100
Retail Trade,2022-11-01,1327500
Retail Trade,2023-02-01,1332300
Retail Trade,2023-05-01,1331600
Retail Trade,2023-08-01,1330200
Retail Trade,2023-11-01,1328000
Retail Trade,2024-02-01,1326900
Retail Trade,2024-05-01,1326700
Retail Trade,2024-08-01,1330600
Retail Trade,2024-11-01,1334500
Retail Trade,2025-02-01,1336000
Retail Trade,2025-05-01,1336500
Retail Trade,2025-08-01,1336700
Retail Trade,2025-11-01,1337600
Retail Trade,2026-02-01,1338300
Accommodation and Food Services,2006-02-01,668900
Accommodation and Food Services,2006-05-01,669000
Accommodation and Food Services,2006-08-01,673800
Accommodation and Food Services,2006-11-01,680800
Accommodation and Food Services,2007-02-01,688600
Accommodation and Food Services,2007-05-01,694800
Accommodation and Food Services,2007-08-01,698900
Accommodation and Food Services,2007-11-01,700700
Accommodation and Food Services,2008-02-01,703000
Accommodation and Food Services,2008-05-01,706500
Accommodation and Food Services,2008-08-01,710200
Accommodation and Food Services,2008-11-01,713700
Accommodation and Food Services,2009-02-01,718300
Accommodation and Food Services,2009-05-01,724900
Accommodation and Food Services,2009-08-01,731900
Accommodation and Food Services,2009-11-01,736800
Accommodation and Food Services,2010-02-01,740500
Accommodation and Food Services,2010-05-01,745300
Accommodation and Food Services,2010-08-01,750700
Accommodation and Food Services,2010-11-01,757600
Accommodation and Food Services,2011-02-01,763300
Accommodation and Food Services,2011-05-01,765600
Accommodation and Food Services,2011-08-01,764600
Accommodation and Food Services,2011-11-01,762100
Accommodation and Food Services,2012-02-01,761300
Accommodation and Food Services,2012-05-01,765400
Accommodation and Food Services,2012-08-01,771600
Accommodation and Food Services,2012-11-01,777500
Accommodation and Food Services,2013-02-01,781700
Accommodation and Food Services,2013-05-01,783600
Accommodation and Food Services,2013-08-01,783200
Accommodation and Food Services,2013-11-01,783200
Accommodation and Food Services,2014-02-01,786600
Accommodation and Food Services,2014-05-01,793100
Accommodation and Food Services,2014-08-01,802500
Accommodation and Food Services,2014-11-01,812200
Accommodation and Food Services,2015-02-01,819900
Accommodation and Food Services,2015-05-01,824500
Accommodation and Food Services,2015-08-01,827300
Accommodation and Food Services,2015-11-01,831200
Accommodation and Food Services,2016-02-01,836400
Accommodation and Food Services,2016-05-01,842700
Accommodation and Food Services,2016-08-01,848700
Accommodation and Food Services,2016-11-01,853900
Accommodation and Food Services,2017-02-01,859800
Accommodation and Food Services,2017-05-01,866600
Accommodation and Food Services,2017-08-01,871600
Accommodation and Food Services,2017-11-01,874200
Accommodation and Food Services,2018-02-01,876200
Accommodation and Food Services,2018-05-01,879600
Accommodation and Food Services,2018-08-01,882900
Accommodation and Food Services,2018-11-01,887700
Accommodation and Food Services,2019-02-01,893900
Accommodation and Food Services,2019-05-01,901200
Accommodation and Food Services,2019-08-01,907500
Accommodation and Food Services,2019-11-01,912200
Accommodation and Food Services,2020-02-01,915200
Accommodation and Food Services,2022-02-01,913100
Accommodation and Food Services,2022-05-01,918100
Accommodation and Food Services,2022-08-01,925200
Accommodation and Food Services,2022-11-01,930900
Accommodation and Food Services,2023-02-01,932200
Accommodation and Food Services,2023-05-01,930000
Accommodation and Food Services,2023-08-01,925800
Accommodation and Food Services,2023-11-01,923900
Accommodation and Food Services,2024-02-01,928400
Accommodation and Food Services,2024-05-01,938400
Accommodation and Food Services,2024-08-01,948700
Accommodation and Food Services,2024-11-01,955300
Accommodation and Food Services,2025-02-01,958300
Accommodation and Food Services,2025-05-01,960500
Accommodation and Food Services,2025-08-01,963400
Accommodation and Food Services,2025-11-01,965900
Accommodation and Food Services,2026-02-01,967200
"Transport, Postal and Warehousing",2006-02-01,498200
"Transport, Postal and Warehousing",2006-05-01,501000
"Transport, Postal and Warehousing",2006-08-01,504600
"Transport, Postal and Warehousing",2006-11-01,510000
"Transport, Postal and Warehousing",2007-02-01,518200
"Transport, Postal and Warehousing",2007-05-01,527800
"Transport, Postal and Warehousing",2007-08-01,536900
"Transport, Postal and Warehousing",2007-11-01,545600
"Transport, Postal and Warehousing",2008-02-01,554500
"Transport, Postal and Warehousing",2008-05-01,564700
"Transport, Postal and Warehousing",2008-08-01,574400
"Transport, Postal and Warehousing",2008-11-01,582000
"Transport, Postal and Warehousing",2009-02-01,585400
"Transport, Postal and Warehousing",2009-05-01,584500
"Transport, Postal and Warehousing",2009-08-01,580300
"Transport, Postal and Warehousing",2009-11-01,575800
"Transport, Postal and Warehousing",2010-02-01,573600
"Transport, Postal and Warehousing",2010-05-01,574000
"Transport, Postal and Warehousing",2010-08-01,574600
"Transport, Postal and Warehousing",2010-11-01,575600
"Transport, Postal and Warehousing",2011-02-01,575800
"Transport, Postal and Warehousing",2011-05-01,573800
"Transport, Postal and Warehousing",2011-08-01,570100
"Transport, Postal and Warehousing",2011-11-01,565300
"Transport, Postal and Warehousing",2012-02-01,561800
"Transport, Postal and Warehousing",2012-05-01,562600
"Transport, Postal and Warehousing",2012-08-01,568400
"Transport, Postal and Warehousing",2012-11-01,577000
"Transport, Postal and Warehousing",2013-02-01,584000
"Transport, Postal and Warehousing",2013-05-01,587500
"Transport, Postal and Warehousing",2013-08-01,589300
"Transport, Postal and Warehousing",2013-11-01,590300
"Transport, Postal and Warehousing",2014-02-01,590900
"Transport, Postal and Warehousing",2014-05-01,592200
"Transport, Postal and Warehousing",2014-08-01,595200
"Transport, Postal and Warehousing",2014-11-01,599300
"Transport, Postal and Warehousing",2015-02-01,603800
"Transport, Postal and Warehousing",2015-05-01,609300
"Transport, Postal and Warehousing",2015-08-01,614700
"Transport, Postal and Warehousing",2015-11-01,618600
"Transport, Postal and Warehousing",2016-02-01,620700
"Transport, Postal and Warehousing",2016-05-01,620200
"Transport, Postal and Warehousing",2016-08-01,619100
"Transport, Postal and Warehousing",2016-11-01,619000
"Transport, Postal and Warehousing",2017-02-01,621000
"Transport, Postal and Warehousing",2017-05-01,626400
"Transport, Postal and Warehousing",2017-08-01,631600
"Transport, Postal and Warehousing",2017-11-01,635200
"Transport, Postal and Warehousing",2018-02-01,637100
"Transport, Postal and Warehousing",2018-05-01,639300
"Transport, Postal and Warehousing",2018-08-01,644200
"Transport, Postal and Warehousing",2018-11-01,649800
"Transport, Postal and Warehousing",2019-02-01,654400
"Transport, Postal and Warehousing",2019-05-01,657200
"Transport, Postal and Warehousing",2019-08-01,658800
"Transport, Postal and Warehousing",2019-11-01,658400
"Transport, Postal and Warehousing",2020-02-01,657300
"Transport, Postal and Warehousing",2021-02-01,653800
"Transport, Postal and Warehousing",2021-05-01,653100
"Transport, Postal and Warehousing",2021-08-01,655800
"Transport, Postal and Warehousing",2021-11-01,662800
"Transport, Postal and Warehousing",2022-02-01,673100
"Transport, Postal and Warehousing",2022-05-01,684900
"Transport, Postal and Warehousing",2022-08-01,696200
"Transport, Postal and Warehousing",2022-11-01,705500
"Transport, Postal and Warehousing",2023-02-01,712300
"Transport, Postal and Warehousing",2023-05-01,719500
"Transport, Postal and Warehousing",2023-08-01,726200
"Transport, Postal and Warehousing",2023-11-01,730500
"Transport, Postal and Warehousing",2024-02-01,732000
"Transport, Postal and Warehousing",2024-05-01,732900
"Transport, Postal and Warehousing",2024-08-01,734100
"Transport, Postal and Warehousing",2024-11-01,737000
"Transport, Postal and Warehousing",2025-02-01,739200
"Transport, Postal and Warehousing",2025-05-01,742200
"Transport, Postal and Warehousing",2025-08-01,744600
"Transport, Postal and Warehousing",2025-11-01,748500
"Transport, Postal and Warehousing",2026-02-01,754500
Information Media and Telecommunications,2006-02-01,233200
Information Media and Telecommunications,2006-05-01,233400
Information Media and Telecommunications,2006-08-01,233400
Information Media and Telecommunications,2006-11-01,233200
Information Media and Telecommunications,2007-02-01,232800
Information Media and Telecommunications,2007-05-01,232200
Information Media and Telecommunications,2007-08-01,231500
Information Media and Telecommunications,2007-11-01,230500
Information Media and Telecommunications,2008-02-01,229500
Information Media and Telecommunications,2008-05-01,228400
Information Media and Telecommunications,2008-08-01,227200
Information Media and Telecommunications,2008-11-01,225900
Information Media and Telecommunications,2009-02-01,224700
Information Media and Telecommunications,2009-05-01,223400
Information Media and Telecommunications,2009-08-01,222200
Information Media and Telecommunications,2009-11-01,221000
Information Media and Telecommunications,2010-02-01,219900
Information Media and Telecommunications,2010-05-01,218800
Information Media and Telecommunications,2010-08-01,217900
Information Media and Telecommunications,2010-11-01,217000
Information Media and Telecommunications,2011-02-01,216200
Information Media and Telecommunications,2011-05-01,215400
Information Media and Telecommunications,2011-08-01,214800
Information Media and Telecommunications,2011-11-01,214200
Information Media and Telecommunications,2012-02-01,213600
Information Media and Telecommunications,2012-05-01,213000
Information Media and Telecommunications,2012-08-01,212500
Information Media and Telecommunications,2012-11-01,211900
Information Media and Telecommunications,2013-02-01,211400
Information Media and Telecommunications,2013-05-01,210900
Information Media and Telecommunications,2013-08-01,210400
Information Media and Telecommunications,2013-11-01,210000
Information Media and Telecommunications,2014-02-01,209700
Information Media and Telecommunications,2014-05-01,209500
Information Media and Telecommunications,2014-08-01,209300
Information Media and Telecommunications,2014-11-01,209300
Information Media and Telecommunications,2015-02-01,209200
Information Media and Telecommunications,2015-05-01,209300
Information Media and Telecommunications,2015-08-01,209300
Information Media and Telecommunications,2015-11-01,209400
Information Media and Telecommunications,2016-02-01,209500
Information Media and Telecommunications,2016-05-01,209500
Information Media and Telecommunications,2016-08-01,209600
Information Media and Telecommunications,2016-11-01,209600
Information Media and Telecommunications,2017-02-01,209500
Information Media and Telecommunications,2017-05-01,209300
Information Media and Telecommunications,2017-08-01,209100
Information Media and Telecommunications,2017-11-01,208700
Information Media and Telecommunications,2018-02-01,208200
Information Media and Telecommunications,2018-05-01,207500
Information Media and Telecommunications,2018-08-01,206800
Information Media and Telecommunications,2018-11-01,205900
Information Media and Telecommunications,2019-02-01,204900
Information Media and Telecommunications,2019-05-01,203800
Information Media and Telecommunications,2019-08-01,202600
Information Media and Telecommunications,2019-11-01,201400
Information Media and Telecommunications,2020-02-01,200200
Information Media and Telecommunications,2020-05-01,199000
Information Media and Telecommunications,2020-08-01,197800
Information Media and Telecommunications,2020-11-01,196700
Information Media and Telecommunications,2021-02-01,195600
Information Media and Telecommunications,2021-05-01,194700
Information Media and Telecommunications,2021-08-01,193800
Information Media and Telecommunications,2021-11-01,192900
Information Media and Telecommunications,2022-02-01,192200
Information Media and Telecommunications,2022-05-01,191400
Information Media and Telecommunications,2022-08-01,190700
Information Media and Telecommunications,2022-11-01,190000
Information Media and Telecommunications,2023-02-01,189200
Information Media and Telecommunications,2023-05-01,188500
Information Media and Telecommunications,2023-08-01,187700
Information Media and Telecommunications,2023-11-01,186900
Information Media and Telecommunications,2024-02-01,186100
Information Media and Telecommunications,2024-05-01,185200
Information Media and Telecommunications,2024-08-01,184300
Information Media and Telecommunications,2024-11-01,183400
Information Media and Telecommunications,2025-02-01,182400
Information Media and Telecommunications,2025-05-01,181300
Information Media and Telecommunications,2025-08-01,180300
Information Media and Telecommunications,2025-11-01,179200
Information Media and Telecommunications,2026-02-01,178100
Financial and Insurance Services,2006-02-01,378600
Financial and Insurance Services,2006-05-01,384300
Financial and Insurance Services,2006-08-01,390600
Financial and Insurance Services,2006-11-01,397300
Financial and Insurance Services,2007-02-01,402500
Financial and Insurance Services,2007-05-01,405300
Financial and Insurance Services,2007-08-01,406500
Financial and Insurance Services,2007-11-01,407200
Financial and Insurance Services,2008-02-01,407100
Financial and Insurance Services,2008-05-01,406500
Financial and Insurance Services,2008-08-01,405200
Financial and Insurance Services,2008-11-01,403000
Financial and Insurance Services,2009-02-01,401100
Financial and Insurance Services,2009-05-01,399800
Financial and Insurance Services,2009-08-01,399600
Financial and Insurance Services,2009-11-01,399900
Financial and Insurance Services,2010-02-01,399600
Financial and Insurance Services,2010-05-01,398200
Financial and Insurance Services,2010-08-01,398400
Financial and Insurance Services,2010-11-01,401400
Financial and Insurance Services,2011-02-01,407700
Financial and Insurance Services,2011-05-01,414900
Financial and Insurance Services,2011-08-01,420400
Financial and Insurance Services,2011-11-01,423500
Financial and Insurance Services,2012-02-01,424800
Financial and Insurance Services,2012-05-01,424800
Financial and Insurance Services,2012-08-01,423400
Financial and Insurance Services,2012-11-01,421900
Financial and Insurance Services,2013-02-01,420700
Financial and Insurance Services,2013-05-01,419900
Financial and Insurance Services,2013-08-01,418200
Financial and Insurance Services,2013-11-01,415300
Financial and Insurance Services,2014-02-01,412400
Financial and Insurance Services,2014-05-01,410100
Financial and Insurance Services,2014-08-01,409100
Financial and Insurance Services,2014-11-01,409400
Financial and Insurance Services,2015-02-01,411400
Financial and Insurance Services,2015-05-01,415700
Financial and Insurance Services,2015-08-01,422600
Financial and Insurance Services,2015-11-01,429600
Financial and Insurance Services,2016-02-01,433500
Financial and Insurance Services,2016-05-01,435600
Financial and Insurance Services,2016-08-01,436300
Financial and Insurance Services,2016-11-01,436200
Financial and Insurance Services,2017-02-01,436100
Financial and Insurance Services,2017-05-01,434500
Financial and Insurance Services,2017-08-01,432800
Financial and Insurance Services,2017-11-01,432900
Financial and Insurance Services,2018-02-01,435300
Financial and Insurance Services,2018-05-01,438600
Financial and Insurance Services,2018-08-01,441100
Financial and Insurance Services,2018-11-01,442000
Financial and Insurance Services,2019-02-01,443000
Financial and Insurance Services,2019-05-01,445100
Financial and Insurance Services,2019-08-01,449500
Financial and Insurance Services,2019-11-01,455900
Financial and Insurance Services,2020-02-01,462700
Financial and Insurance Services,2020-05-01,468700
Financial and Insurance Services,2020-08-01,473200
Financial and Insurance Services,2020-11-01,477400
Financial and Insurance Services,2021-02-01,483600
Financial and Insurance Services,2021-05-01,493700
Financial and Insurance Services,2021-08-01,507300
Financial and Insurance Services,2021-11-01,521300
Financial and Insurance Services,2022-02-01,534400
Financial and Insurance Services,2022-05-01,543800
Financial and Insurance Services,2022-08-01,549200
Financial and Insurance Services,2022-11-01,552400
Financial and Insurance Services,2023-02-01,553200
Financial and Insurance Services,2023-05-01,553400
Financial and Insurance Services,2023-08-01,552200
Financial and Insurance Services,2023-11-01,548900
Financial and Insurance Services,2024-02-01,543900
Financial and Insurance Services,2024-05-01,540300
Financial and Insurance Services,2024-08-01,541000
Financial and Insurance Services,2024-11-01,544900
Financial and Insurance Services,2025-02-01,549600
Financial and Insurance Services,2025-05-01,552300
Financial and Insurance Services,2025-08-01,551000
Financial and Insurance Services,2025-11-01,548400
Financial and Insurance Services,2026-02-01,546000
"Rental, Hiring and Real Estate Services",2006-02-01,188100
"Rental, Hiring and Real Estate Services",2006-05-01,189800
"Rental, Hiring and Real Estate Services",2006-08-01,191300
"Rental, Hiring and Real Estate Services",2006-11-01,192600
"Rental, Hiring and Real Estate Services",2007-02-01,193700
"Rental, Hiring and Real Estate Services",2007-05-01,194500
"Rental, Hiring and Real Estate Services",2007-08-01,195100
"Rental, Hiring and Real Estate Services",2007-11-01,195400
"Rental, Hiring and Real Estate Services",2008-02-01,195500
"Rental, Hiring and Real Estate Services",2008-05-01,195400
"Rental, Hiring and Real Estate Services",2008-08-01,195100
"Rental, Hiring and Real Estate Services",2008-11-01,194800
"Rental, Hiring and Real Estate Services",2009-02-01,194400
"Rental, Hiring and Real Estate Services",2009-05-01,194100
"Rental, Hiring and Real Estate Services",2009-08-01,193900
"Rental, Hiring and Real Estate Services",2009-11-01,194000
"Rental, Hiring and Real Estate Services",2010-02-01,194300
"Rental, Hiring and Real Estate Services",2010-05-01,194800
"Rental, Hiring and Real Estate Services",2010-08-01,195500
"Rental, Hiring and Real Estate Services",2010-11-01,196300
"Rental, Hiring and Real Estate Services",2011-02-01,197200
"Rental, Hiring and Real Estate Services",2011-05-01,198100
"Rental, Hiring and Real Estate Services",2011-08-01,199000
"Rental, Hiring and Real Estate Services",2011-11-01,199900
"Rental, Hiring and Real Estate Services",2012-02-01,200700
"Rental, Hiring and Real Estate Services",2012-05-01,201500
"Rental, Hiring and Real Estate Services",2012-08-01,202300
"Rental, Hiring and Real Estate Services",2012-11-01,203000
"Rental, Hiring and Real Estate Services",2013-02-01,203800
"Rental, Hiring and Real Estate Services",2013-05-01,204600
"Rental, Hiring and Real Estate Services",2013-08-01,205600
"Rental, Hiring and Real Estate Services",2013-11-01,206600
"Rental, Hiring and Real Estate Services",2014-02-01,207600
"Rental, Hiring and Real Estate Services",2014-05-01,208600
"Rental, Hiring and Real Estate Services",2014-08-01,209500
"Rental, Hiring and Real Estate Services",2014-11-01,210200
"Rental, Hiring and Real Estate Services",2015-02-01,210800
"Rental, Hiring and Real Estate Services",2015-05-01,211300
"Rental, Hiring and Real Estate Services",2015-08-01,211600
"Rental, Hiring and Real Estate Services",2015-11-01,211900
"Rental, Hiring and Real Estate Services",2016-02-01,212100
"Rental, Hiring and Real Estate Services",2016-05-01,212100
"Rental, Hiring and Real Estate Services",2016-08-01,212100
"Rental, Hiring and Real Estate Services",2016-11-01,212100
"Rental, Hiring and Real Estate Services",2017-02-01,212100
"Rental, Hiring and Real Estate Services",2017-05-01,212000
"Rental, Hiring and Real Estate Services",2017-08-01,212000
"Rental, Hiring and Real Estate Services",2017-11-01,212100
"Rental, Hiring and Real Estate Services",2018-02-01,212100
"Rental, Hiring and Real Estate Services",2018-05-01,212200
"Rental, Hiring and Real Estate Services",2018-08-01,212300
"Rental, Hiring and Real Estate Services",2018-11-01,212500
"Rental, Hiring and Real Estate Services",2019-02-01,212600
"Rental, Hiring and Real Estate Services",2019-05-01,212900
"Rental, Hiring and Real Estate Services",2019-08-01,213200
"Rental, Hiring and Real Estate Services",2019-11-01,213600
"Rental, Hiring and Real Estate Services",2020-02-01,214000
"Rental, Hiring and Real Estate Services",2020-05-01,214600
"Rental, Hiring and Real Estate Services",2020-08-01,215300
"Rental, Hiring and Real Estate Services",2020-11-01,216100
"Rental, Hiring and Real Estate Services",2021-02-01,217000
"Rental, Hiring and Real Estate Services",2021-05-01,218100
"Rental, Hiring and Real Estate Services",2021-08-01,219200
"Rental, Hiring and Real Estate Services",2021-11-01,220300
"Rental, Hiring and Real Estate Services",2022-02-01,221400
"Rental, Hiring and Real Estate Services",2022-05-01,222400
"Rental, Hiring and Real Estate Services",2022-08-01,223300
"Rental, Hiring and Real Estate Services",2022-11-01,224200
"Rental, Hiring and Real Estate Services",2023-02-01,225200
"Rental, Hiring and Real Estate Services",2023-05-01,226200
"Rental, Hiring and Real Estate Services",2023-08-01,227200
"Rental, Hiring and Real Estate Services",2023-11-01,228200
"Rental, Hiring and Real Estate Services",2024-02-01,229200
"Rental, Hiring and Real Estate Services",2024-05-01,230000
"Rental, Hiring and Real Estate Services",2024-08-01,230600
"Rental, Hiring and Real Estate Services",2024-11-01,230800
"Rental, Hiring and Real Estate Services",2025-02-01,230500
"Rental, Hiring and Real Estate Services",2025-05-01,229800
"Rental, Hiring and Real Estate Services",2025-08-01,228800
"Rental, Hiring and Real Estate Services",2025-11-01,227600
"Rental, Hiring and Real Estate Services",2026-02-01,226200
"Professional, Scientific and Technical Services",2006-02-01,713100
"Professional, Scientific and Technical Services",2006-05-01,722700
"Professional, Scientific and Technical Services",2006-08-01,730300
"Professional, Scientific and Technical Services",2006-11-01,735500
"Professional, Scientific and Technical Services",2007-02-01,740400
"Professional, Scientific and Technical Services",2007-05-01,748500
"Professional, Scientific and Technical Services",2007-08-01,758900
"Professional, Scientific and Technical Services",2007-11-01,768900
"Professional, Scientific and Technical Services",2008-02-01,776800
"Professional, Scientific and Technical Services",2008-05-01,780700
"Professional, Scientific and Technical Services",2008-08-01,782800
"Professional, Scientific and Technical Services",2008-11-01,784900
"Professional, Scientific and Technical Services",2009-02-01,786400
"Professional, Scientific and Technical Services",2009-05-01,791800
"Professional, Scientific and Technical Services",2009-08-01,802600
"Professional, Scientific and Technical Services",2009-11-01,817000
"Professional, Scientific and Technical Services",2010-02-01,829500
"Professional, Scientific and Technical Services",2010-05-01,837800
"Professional, Scientific and Technical Services",2010-08-01,843500
"Professional, Scientific and Technical Services",2010-11-01,848000
"Professional, Scientific and Technical Services",2011-02-01,852500
"Professional, Scientific and Technical Services",2011-05-01,856900
"Professional, Scientific and Technical Services",2011-08-01,863800
"Professional, Scientific and Technical Services",2011-11-01,873200
"Professional, Scientific and Technical Services",2012-02-01,885100
"Professional, Scientific and Technical Services",2012-05-01,896600
"Professional, Scientific and Technical Services",2012-08-01,903900
"Professional, Scientific and Technical Services",2012-11-01,907000
"Professional, Scientific and Technical Services",2013-02-01,907300
"Professional, Scientific and Technical Services",2013-05-01,905900
"Professional, Scientific and Technical Services",2013-08-01,904900
"Professional, Scientific and Technical Services",2013-11-01,906100
"Professional, Scientific and Technical Services",2014-02-01,912800
"Professional, Scientific and Technical Services",2014-05-01,924200
"Professional, Scientific and Technical Services",2014-08-01,938200
"Professional, Scientific and Technical Services",2014-11-01,954200
"Professional, Scientific and Technical Services",2015-02-01,971400
"Professional, Scientific and Technical Services",2015-05-01,986200
"Professional, Scientific and Technical Services",2015-08-01,995600
"Professional, Scientific and Technical Services",2015-11-01,1002900
"Professional, Scientific and Technical Services",2016-02-01,1007800
"Professional, Scientific and Technical Services",2016-05-01,1010400
"Professional, Scientific and Technical Services",2016-08-01,1012300
"Professional, Scientific and Technical Services",2016-11-01,1010600
"Professional, Scientific and Technical Services",2017-02-01,1008300
"Professional, Scientific and Technical Services",2017-05-01,1007900
"Professional, Scientific and Technical Services",2017-08-01,1010700
"Professional, Scientific and Technical Services",2017-11-01,1017400
"Professional, Scientific and Technical Services",2018-02-01,1028600
"Professional, Scientific and Technical Services",2018-05-01,1044900
"Professional, Scientific and Technical Services",2018-08-01,1064000
"Professional, Scientific and Technical Services",2018-11-01,1083800
"Professional, Scientific and Technical Services",2019-02-01,1103500
"Professional, Scientific and Technical Services",2019-05-01,1119000
"Professional, Scientific and Technical Services",2019-08-01,1128000
"Professional, Scientific and Technical Services",2019-11-01,1129600
"Professional, Scientific and Technical Services",2020-02-01,1127800
"Professional, Scientific and Technical Services",2020-05-01,1127100
"Professional, Scientific and Technical Services",2020-08-01,1133500
"Professional, Scientific and Technical Services",2020-11-01,1147500
"Professional, Scientific and Technical Services",2021-02-01,1164500
"Professional, Scientific and Technical Services",2021-05-01,1180700
"Professional, Scientific and Technical Services",2021-08-01,1195800
"Professional, Scientific and Technical Services",2021-11-01,1213200
"Professional, Scientific and Technical Services",2022-02-01,1232500
"Professional, Scientific and Technical Services",2022-05-01,1250800
"Professional, Scientific and Technical Services",2022-08-01,1267200
"Professional, Scientific and Technical Services",2022-11-01,1281800
"Professional, Scientific and Technical Services",2023-02-01,1296000
"Professional, Scientific and Technical Services",2023-05-01,1308800
"Professional, Scientific and Technical Services",2023-08-01,1314900
"Professional, Scientific and Technical Services",2023-11-01,1316400
"Professional, Scientific and Technical Services",2024-02-01,1314500
"Professional, Scientific and Technical Services",2024-05-01,1310600
"Professional, Scientific and Technical Services",2024-08-01,1307900
"Professional, Scientific and Technical Services",2024-11-01,1310100
"Professional, Scientific and Technical Services",2025-02-01,1320300
"Professional, Scientific and Technical Services",2025-05-01,1339900
"Professional, Scientific and Technical Services",2025-08-01,1360400
"Professional, Scientific and Technical Services",2025-11-01,1380200
"Professional, Scientific and Technical Services",2026-02-01,1401200
Administrative and Support Services,2006-02-01,347200
Administrative and Support Services,2006-05-01,347400
Administrative and Support Services,2006-08-01,347600
Administrative and Support Services,2006-11-01,347800
Administrative and Support Services,2007-02-01,348100
Administrative and Support Services,2007-05-01,348300
Administrative and Support Services,2007-08-01,348700
Administrative and Support Services,2007-11-01,349300
Administrative and Support Services,2008-02-01,350200
Administrative and Support Services,2008-05-01,351300
Administrative and Support Services,2008-08-01,352900
Administrative and Support Services,2008-11-01,355000
Administrative and Support Services,2009-02-01,357400
Administrative and Support Services,2009-05-01,360200
Administrative and Support Services,2009-08-01,363300
Administrative and Support Services,2009-11-01,366700
Administrative and Support Services,2010-02-01,370100
Administrative and Support Services,2010-05-01,373400
Administrative and Support Services,2010-08-01,376600
Administrative and Support Services,2010-11-01,379700
Administrative and Support Services,2011-02-01,382400
Administrative and Support Services,2011-05-01,384700
Administrative and Support Services,2011-08-01,386700
Administrative and Support Services,2011-11-01,388400
Administrative and Support Services,2012-02-01,389700
Administrative and Support Services,2012-05-01,390800
Administrative and Support Services,2012-08-01,391700
Administrative and Support Services,2012-11-01,392400
Administrative and Support Services,2013-02-01,393100
Administrative and Support Services,2013-05-01,393800
Administrative and Support Services,2013-08-01,394700
Administrative and Support Services,2013-11-01,395700
Administrative and Support Services,2014-02-01,396900
Administrative and Support Services,2014-05-01,398400
Administrative and Support Services,2014-08-01,400200
Administrative and Support Services,2014-11-01,402100
Administrative and Support Services,2015-02-01,404300
Administrative and Support Services,2015-05-01,406600
Administrative and Support Services,2015-08-01,408800
Administrative and Support Services,2015-11-01,411000
Administrative and Support Services,2016-02-01,413000
Administrative and Support Services,2016-05-01,414700
Administrative and Support Services,2016-08-01,416000
Administrative and Support Services,2016-11-01,417100
Administrative and Support Services,2017-02-01,418000
Administrative and Support Services,2017-05-01,418700
Administrative and Support Services,2017-08-01,419300
Administrative and Support Services,2017-11-01,420100
Administrative and Support Services,2018-02-01,420800
Administrative and Support Services,2018-05-01,421600
Administrative and Support Services,2018-08-01,422400
Administrative and Support Services,2018-11-01,423200
Administrative and Support Services,2019-02-01,423900
Administrative and Support Services,2019-05-01,424400
Administrative and Support Services,2019-08-01,424600
Administrative and Support Services,2019-11-01,424400
Administrative and Support Services,2020-02-01,424000
Administrative and Support Services,2020-05-01,423500
Administrative and Support Services,2020-08-01,423100
Administrative and Support Services,2020-11-01,422800
Administrative and Support Services,2021-02-01,422600
Administrative and Support Services,2021-05-01,422700
Administrative and Support Services,2021-08-01,423000
Administrative and Support Services,2021-11-01,423500
Administrative and Support Services,2022-02-01,424000
Administrative and Support Services,2022-05-01,424700
Administrative and Support Services,2022-08-01,425300
Administrative and Support Services,2022-11-01,425800
Administrative and Support Services,2023-02-01,426400
Administrative and Support Services,2023-05-01,426900
Administrative and Support Services,2023-08-01,427500
Administrative and Support Services,2023-11-01,428100
Administrative and Support Services,2024-02-01,428800
Administrative and Support Services,2024-05-01,429500
Administrative and Support Services,2024-08-01,430200
Administrative and Support Services,2024-11-01,430900
Administrative and Support Services,2025-02-01,431500
Administrative and Support Services,2025-05-01,432100
Administrative and Support Services,2025-08-01,432800
Administrative and Support Services,2025-11-01,433500
Administrative and Support Services,2026-02-01,434200
Public Administration and Safety,2006-02-01,616000
Public Administration and Safety,2006-05-01,621700
Public Administration and Safety,2006-08-01,627500
Public Administration and Safety,2006-11-01,632400
Public Administration and Safety,2007-02-01,635800
Public Administration and Safety,2007-05-01,637100
Public Administration and Safety,2007-08-01,636800
Public Administration and Safety,2007-11-01,636600
Public Administration and Safety,2008-02-01,638400
Public Administration and Safety,2008-05-01,643100
Public Administration and Safety,2008-08-01,650700
Public Administration and Safety,2008-11-01,658100
Public Administration and Safety,2009-02-01,664100
Public Administration and Safety,2009-05-01,668500
Public Administration and Safety,2009-08-01,671200
Public Administration and Safety,2009-11-01,675700
Public Administration and Safety,2010-02-01,681300
Public Administration and Safety,2010-05-01,687600
Public Administration and Safety,2010-08-01,693800
Public Administration and Safety,2010-11-01,700000
Public Administration and Safety,2011-02-01,706800
Public Administration and Safety,2011-05-01,713700
Public Administration and Safety,2011-08-01,719000
Public Administration and Safety,2011-11-01,720300
Public Administration and Safety,2012-02-01,717400
Public Administration and Safety,2012-05-01,712300
Public Administration and Safety,2012-08-01,709900
Public Administration and Safety,2012-11-01,713200
Public Administration and Safety,2013-02-01,722100
Public Administration and Safety,2013-05-01,733300
Public Administration and Safety,2013-08-01,742900
Public Administration and Safety,2013-11-01,746000
Public Administration and Safety,2014-02-01,744000
Public Administration and Safety,2014-05-01,739300
Public Administration and Safety,2014-08-01,735200
Public Administration and Safety,2014-11-01,732800
Public Administration and Safety,2015-02-01,732100
Public Administration and Safety,2015-05-01,732800
Public Administration and Safety,2015-08-01,735500
Public Administration and Safety,2015-11-01,741200
Public Administration and Safety,2016-02-01,749500
Public Administration and Safety,2016-05-01,758400
Public Administration and Safety,2016-08-01,766000
Public Administration and Safety,2016-11-01,771100
Public Administration and Safety,2017-02-01,771700
Public Administration and Safety,2017-05-01,765100
Public Administration and Safety,2017-08-01,757300
Public Administration and Safety,2017-11-01,755000
Public Administration and Safety,2018-02-01,762700
Public Administration and Safety,2018-05-01,781900
Public Administration and Safety,2018-08-01,804500
Public Administration and Safety,2018-11-01,823500
Public Administration and Safety,2019-02-01,835600
Public Administration and Safety,2019-05-01,839600
Public Administration and Safety,2019-08-01,840300
Public Administration and Safety,2019-11-01,842500
Public Administration and Safety,2020-02-01,846800
Public Administration and Safety,2020-05-01,853800
Public Administration and Safety,2020-08-01,862400
Public Administration and Safety,2020-11-01,870700
Public Administration and Safety,2021-02-01,878300
Public Administration and Safety,2021-05-01,886300
Public Administration and Safety,2021-08-01,893600
Public Administration and Safety,2021-11-01,897600
Public Administration and Safety,2022-02-01,896000
Public Administration and Safety,2022-05-01,891100
Public Administration and Safety,2022-08-01,885800
Public Administration and Safety,2022-11-01,886500
Public Administration and Safety,2023-02-01,895300
Public Administration and Safety,2023-05-01,908100
Public Administration and Safety,2023-08-01,920700
Public Administration and Safety,2023-11-01,931400
Public Administration and Safety,2024-02-01,941500
Public Administration and Safety,2024-05-01,952200
Public Administration and Safety,2024-08-01,963200
Public Administration and Safety,2024-11-01,971900
Public Administration and Safety,2025-02-01,978900
Public Administration and Safety,2025-05-01,982800
Public Administration and Safety,2025-08-01,983100
Public Administration and Safety,2025-11-01,979800
Public Administration and Safety,2026-02-01,976200
Education and Training,2006-02-01,734500
Education and Training,2006-05-01,737200
Education and Training,2006-08-01,739800
Education and Training,2006-11-01,744200
Education and Training,2007-02-01,750800
Education and Training,2007-05-01,761000
Education and Training,2007-08-01,771800
Education and Training,2007-11-01,782100
Education and Training,2008-02-01,791100
Education and Training,2008-05-01,799200
Education and Training,2008-08-01,803100
Education and Training,2008-11-01,803100
Education and Training,2009-02-01,803800
Education and Training,2009-05-01,808800
Education and Training,2009-08-01,815500
Education and Training,2009-11-01,822100
Education and Training,2010-02-01,828000
Education and Training,2010-05-01,835900
Education and Training,2010-08-01,842900
Education and Training,2010-11-01,845400
Education and Training,2011-02-01,845600
Education and Training,2011-05-01,848800
Education and Training,2011-08-01,852400
Education and Training,2011-11-01,856900
Education and Training,2012-02-01,863500
Education and Training,2012-05-01,874200
Education and Training,2012-08-01,883400
Education and Training,2012-11-01,889100
Education and Training,2013-02-01,891900
Education and Training,2013-05-01,894000
Education and Training,2013-08-01,894500
Education and Training,2013-11-01,895700
Education and Training,2014-02-01,898000
Education and Training,2014-05-01,903500
Education and Training,2014-08-01,908500
Education and Training,2014-11-01,912300
Education and Training,2015-02-01,917000
Education and Training,2015-05-01,924300
Education and Training,2015-08-01,930400
Education and Training,2015-11-01,933600
Education and Training,2016-02-01,937400
Education and Training,2016-05-01,947200
Education and Training,2016-08-01,959400
Education and Training,2016-11-01,970400
Education and Training,2017-02-01,980000
Education and Training,2017-05-01,992700
Education and Training,2017-08-01,1003600
Education and Training,2017-11-01,1009500
Education and Training,2018-02-01,1011700
Education and Training,2018-05-01,1016000
Education and Training,2018-08-01,1023300
Education and Training,2018-11-01,1032200
Education and Training,2019-02-01,1041900
Education and Training,2019-05-01,1056100
Education and Training,2019-08-01,1067600
Education and Training,2019-11-01,1072300
Education and Training,2020-02-01,1072900
Education and Training,2020-05-01,1074800
Education and Training,2020-08-01,1081200
Education and Training,2020-11-01,1087700
Education and Training,2021-02-01,1094700
Education and Training,2021-05-01,1105500
Education and Training,2021-08-01,1113500
Education and Training,2021-11-01,1118900
Education and Training,2022-02-01,1123500
Education and Training,2022-05-01,1131000
Education and Training,2022-08-01,1139300
Education and Training,2022-11-01,1147400
Education and Training,2023-02-01,1155000
Education and Training,2023-05-01,1166300
Education and Training,2023-08-01,1178700
Education and Training,2023-11-01,1193200
Education and Training,2024-02-01,1207400
Education and Training,2024-05-01,1224600
Education and Training,2024-08-01,1241600
Education and Training,2024-11-01,1255100
Education and Training,2025-02-01,1265300
Education and Training,2025-05-01,1279600
Education and Training,2025-08-01,1295300
Education and Training,2025-11-01,1308400
Education and Training,2026-02-01,1318100
Health Care and Social Assistance,2006-02-01,1028200
Health Care and Social Assistance,2006-05-01,1040500
Health Care and Social Assistance,2006-08-01,1049200
Health Care and Social Assistance,2006-11-01,1055900
Health Care and Social Assistance,2007-02-01,1062200
Health Care and Social Assistance,2007-05-01,1068500
Health Care and Social Assistance,2007-08-01,1075000
Health Care and Social Assistance,2007-11-01,1082600
Health Care and Social Assistance,2008-02-01,1091200
Health Care and Social Assistance,2008-05-01,1100800
Health Care and Social Assistance,2008-08-01,1113400
Health Care and Social Assistance,2008-11-01,1130900
Health Care and Social Assistance,2009-02-01,1151700
Health Care and Social Assistance,2009-05-01,1171500
Health Care and Social Assistance,2009-08-01,1186900
Health Care and Social Assistance,2009-11-01,1198100
Health Care and Social Assistance,2010-02-01,1210300
Health Care and Social Assistance,2010-05-01,1225600
Health Care and Social Assistance,2010-08-01,1243300
Health Care and Social Assistance,2010-11-01,1260100
Health Care and Social Assistance,2011-02-01,1275100
Health Care and Social Assistance,2011-05-01,1289600
Health Care and Social Assistance,2011-08-01,1305300
Health Care and Social Assistance,2011-11-01,1320100
Health Care and Social Assistance,2012-02-01,1332200
Health Care and Social Assistance,2012-05-01,1342600
Health Care and Social Assistance,2012-08-01,1352400
Health Care and Social Assistance,2012-11-01,1361000
Health Care and Social Assistance,2013-02-01,1368000
Health Care and Social Assistance,2013-05-01,1373000
Health Care and Social Assistance,2013-08-01,1377400
Health Care and Social Assistance,2013-11-01,1382400
Health Care and Social Assistance,2014-02-01,1386700
Health Care and Social Assistance,2014-05-01,1392100
Health Care and Social Assistance,2014-08-01,1402500
Health Care and Social Assistance,2014-11-01,1420300
Health Care and Social Assistance,2015-02-01,1445800
Health Care and Social Assistance,2015-05-01,1473300
Health Care and Social Assistance,2015-08-01,1498300
Health Care and Social Assistance,2015-11-01,1517300
Health Care and Social Assistance,2016-02-01,1530200
Health Care and Social Assistance,2016-05-01,1540400
Health Care and Social Assistance,2016-08-01,1549100
Health Care and Social Assistance,2016-11-01,1562000
Health Care and Social Assistance,2017-02-01,1581700
Health Care and Social Assistance,2017-05-01,1608800
Health Care and Social Assistance,2017-08-01,1634600
Health Care and Social Assistance,2017-11-01,1653900
Health Care and Social Assistance,2018-02-01,1666800
Health Care and Social Assistance,2018-05-01,1674500
Health Care and Social Assistance,2018-08-01,1680300
Health Care and Social Assistance,2018-11-01,1686500
Health Care and Social Assistance,2019-02-01,1694900
Health Care and Social Assistance,2019-05-01,1707000
Health Care and Social Assistance,2019-08-01,1722900
Health Care and Social Assistance,2019-11-01,1737200
Health Care and Social Assistance,2020-02-01,1746100
Health Care and Social Assistance,2020-05-01,1751100
Health Care and Social Assistance,2020-08-01,1759500
Health Care and Social Assistance,2020-11-01,1773500
Health Care and Social Assistance,2021-02-01,1797100
Health Care and Social Assistance,2021-05-01,1830500
Health Care and Social Assistance,2021-08-01,1871700
Health Care and Social Assistance,2021-11-01,1918800
Health Care and Social Assistance,2022-02-01,1968300
Health Care and Social Assistance,2022-05-01,2012700
Health Care and Social Assistance,2022-08-01,2051200
Health Care and Social Assistance,2022-11-01,2085600
Health Care and Social Assistance,2023-02-01,2118000
Health Care and Social Assistance,2023-05-01,2148100
Health Care and Social Assistance,2023-08-01,2175500
Health Care and Social Assistance,2023-11-01,2202300
Health Care and Social Assistance,2024-02-01,2225200
Health Care and Social Assistance,2024-05-01,2245500
Health Care and Social Assistance,2024-08-01,2264400
Health Care and Social Assistance,2024-11-01,2286900
Health Care and Social Assistance,2025-02-01,2314000
Health Care and Social Assistance,2025-05-01,2340800
Health Care and Social Assistance,2025-08-01,2362300
Health Care and Social Assistance,2025-11-01,2383700
Health Care and Social Assistance,2026-02-01,2409000
Arts and Recreation Services,2006-02-01,173700
Arts and Recreation Services,2006-05-01,176000
Arts and Recreation Services,2006-08-01,178300
Arts and Recreation Services,2006-11-01,180500
Arts and Recreation Services,2007-02-01,182700
Arts and Recreation Services,2007-05-01,184700
Arts and Recreation Services,2007-08-01,186600
Arts and Recreation Services,2007-11-01,188300
Arts and Recreation Services,2008-02-01,189900
Arts and Recreation Services,2008-05-01,191300
Arts and Recreation Services,2008-08-01,192600
Arts and Recreation Services,2008-11-01,193800
Arts and Recreation Services,2009-02-01,194900
Arts and Recreation Services,2009-05-01,195800
Arts and Recreation Services,2009-08-01,196600
Arts and Recreation Services,2009-11-01,197300
Arts and Recreation Services,2010-02-01,198100
Arts and Recreation Services,2010-05-01,198800
Arts and Recreation Services,2010-08-01,199600
Arts and Recreation Services,2010-11-01,200500
Arts and Recreation Services,2011-02-01,201400
Arts and Recreation Services,2011-05-01,202300
Arts and Recreation Services,2011-08-01,203200
Arts and Recreation Services,2011-11-01,204100
Arts and Recreation Services,2012-02-01,204900
Arts and Recreation Services,2012-05-01,205700
Arts and Recreation Services,2012-08-01,206500
Arts and Recreation Services,2012-11-01,207300
Arts and Recreation Services,2013-02-01,208100
Arts and Recreation Services,2013-05-01,208900
Arts and Recreation Services,2013-08-01,209800
Arts and Recreation Services,2013-11-01,210900
Arts and Recreation Services,2014-02-01,212100
Arts and Recreation Services,2014-05-01,213500
Arts and Recreation Services,2014-08-01,215100
Arts and Recreation Services,2014-11-01,216700
Arts and Recreation Services,2015-02-01,218400
Arts and Recreation Services,2015-05-01,220100
Arts and Recreation Services,2015-08-01,221700
Arts and Recreation Services,2015-11-01,223200
Arts and Recreation Services,2016-02-01,224700
Arts and Recreation Services,2016-05-01,226100
Arts and Recreation Services,2016-08-01,227500
Arts and Recreation Services,2016-11-01,229000
Arts and Recreation Services,2017-02-01,230500
Arts and Recreation Services,2017-05-01,232100
Arts and Recreation Services,2017-08-01,233700
Arts and Recreation Services,2017-11-01,235100
Arts and Recreation Services,2018-02-01,236400
Arts and Recreation Services,2018-05-01,237500
Arts and Recreation Services,2018-08-01,238400
Arts and Recreation Services,2018-11-01,239000
Arts and Recreation Services,2019-02-01,239400
Arts and Recreation Services,2019-05-01,239600
Arts and Recreation Services,2019-08-01,239500
Arts and Recreation Services,2019-11-01,239300
Arts and Recreation Services,2020-02-01,239000
Arts and Recreation Services,2022-02-01,241100
Arts and Recreation Services,2022-05-01,242600
Arts and Recreation Services,2022-08-01,244600
Arts and Recreation Services,2022-11-01,246800
Arts and Recreation Services,2023-02-01,249100
Arts and Recreation Services,2023-05-01,251600
Arts and Recreation Services,2023-08-01,254000
Arts and Recreation Services,2023-11-01,256200
Arts and Recreation Services,2024-02-01,258200
Arts and Recreation Services,2024-05-01,259800
Arts and Recreation Services,2024-08-01,261100
Arts and Recreation Services,2024-11-01,261900
Arts and Recreation Services,2025-02-01,262500
Arts and Recreation Services,2025-05-01,262800
Arts and Recreation Services,2025-08-01,262900
Arts and Recreation Services,2025-11-01,262900
Arts and Recreation Services,2026-02-01,262700
Other Services,2006-02-01,409100
Other Services,2006-05-01,411600
Other Services,2006-08-01,413800
Other Services,2006-11-01,417600
Other Services,2007-02-01,424400
Other Services,2007-05-01,434500
Other Services,2007-08-01,445400
Other Services,2007-11-01,454100
Other Services,2008-02-01,457700
Other Services,2008-05-01,457600
Other Services,2008-08-01,455800
Other Services,2008-11-01,452600
Other Services,2009-02-01,449200
Other Services,2009-05-01,446500
Other Services,2009-08-01,445400
Other Services,2009-11-01,446400
Other Services,2010-02-01,449000
Other Services,2010-05-01,450700
Other Services,2010-08-01,451100
Other Services,2010-11-01,450600
Other Services,2011-02-01,449100
Other Services,2011-05-01,448200
Other Services,2011-08-01,448400
Other Services,2011-11-01,449400
Other Services,2012-02-01,450600
Other Services,2012-05-01,450100
Other Services,2012-08-01,450100
Other Services,2012-11-01,451600
Other Services,2013-02-01,454800
Other Services,2013-05-01,459800
Other Services,2013-08-01,466200
Other Services,2013-11-01,473100
Other Services,2014-02-01,479500
Other Services,2014-05-01,483300
Other Services,2014-08-01,483100
Other Services,2014-11-01,481300
Other Services,2015-02-01,480000
Other Services,2015-05-01,478500
Other Services,2015-08-01,476400
Other Services,2015-11-01,474600
Other Services,2016-02-01,474300
Other Services,2016-05-01,476500
Other Services,2016-08-01,479400
Other Services,2016-11-01,482900
Other Services,2017-02-01,488800
Other Services,2017-05-01,495000
Other Services,2017-08-01,498800
Other Services,2017-11-01,498800
Other Services,2018-02-01,495100
Other Services,2018-05-01,492500
Other Services,2018-08-01,493400
Other Services,2018-11-01,497500
Other Services,2019-02-01,503200
Other Services,2019-05-01,506400
Other Services,2019-08-01,506400
Other Services,2019-11-01,505200
Other Services,2020-02-01,505400
Other Services,2021-02-01,520000
Other Services,2021-05-01,525100
Other Services,2021-08-01,528700
Other Services,2021-11-01,529800
Other Services,2022-02-01,528700
Other Services,2022-05-01,527100
Other Services,2022-08-01,523800
Other Services,2022-11-01,520600
Other Services,2023-02-01,519500
Other Services,2023-05-01,519600
Other Services,2023-08-01,519900
Other Services,2023-11-01,521300
Other Services,2024-02-01,523600
Other Services,2024-05-01,527500
Other Services,2024-08-01,533600
Other Services,2024-11-01,541200
Other Services,2025-02-01,548300
Other Services,2025-05-01,556000
Other Services,2025-08-01,565100
Other Services,2025-11-01,573500
Other Services,2026-02-01,579900
