anzsco_code,anzsco_title,osca_code,osca_title,mapping_type
111111,Chief Executive or Managing Director,121131,Chief Executive or Managing Director,full
111211,Corporate General Manager,121231,Corporate General Manager,full
111212,Defence Force Senior Officer,121232,Defence Force Senior Officer,full
111212,Defence Force Senior Officer,149231,Commissioned Defence Force Officer,partial
111311,Local Government Legislator,121331,Local Government Legislator,full
111312,Member of Parliament,121332,Member of Parliament,full
111399,Legislators nec,121399,Legislators nec,full
121111,Aquaculture Farmer,151331,Aquaculture Farmer,full
121111,Aquaculture Farmer,343131,Aquaculture Supervisor,partial
121211,Cotton Grower,151131,Cotton Grower,full
121211,Cotton Grower,343136,Senior Broadacre Crop Farm Worker,partial
121212,Flower Grower,151231,Flower Grower,full
121212,Flower Grower,343134,Horticultural Supervisor or Specialist,partial
121213,Fruit or Nut Grower,151232,Fruit Grower,partial
121213,Fruit or Nut Grower,151233,Nut Grower,full
121213,Fruit or Nut Grower,343134,Horticultural Supervisor or Specialist,partial
121214,"Grain, Oilseed or Pasture Grower / Field Crop Grower",151132,"Grain, Oilseed, Pulse or Pasture Grower",full
121214,"Grain, Oilseed or Pasture Grower / Field Crop Grower",343136,Senior Broadacre Crop Farm Worker,partial
121215,Grape Grower,151232,Fruit Grower,partial
121215,Grape Grower,151237,Wine Grape Grower,full
121215,Grape Grower,343137,Vineyard Supervisor,partial
121216,Mixed Crop Farmer,151299,Horticultural Crop Growers nec,partial
121216,Mixed Crop Farmer,151399,Mixed Production and Aquaculture Farmers nec,partial
121217,Sugar Cane Grower,151133,Sugar Cane Grower,full
121217,Sugar Cane Grower,343136,Senior Broadacre Crop Farm Worker,partial
121218,Turf Grower,151235,Turf Grower,full
121218,Turf Grower,343134,Horticultural Supervisor or Specialist,partial
121221,Vegetable Grower (Aus) / Market Gardener (NZ),151236,Vegetable Grower,full
121221,Vegetable Grower (Aus) / Market Gardener (NZ),343134,Horticultural Supervisor or Specialist,partial
121299,Crop Farmers nec,151199,Broadacre Crop Growers nec,full
121299,Crop Farmers nec,151234,Production Nursery Grower,full
121299,Crop Farmers nec,151299,Horticultural Crop Growers nec,partial
121299,Crop Farmers nec,343199,"Senior Aquaculture, Crop and Forestry Workers nec",partial
121311,Apiarist,152931,Apiarist,full
121312,Beef Cattle Farmer,152131,Beef Cattle Farmer,full
121312,Beef Cattle Farmer,343231,Senior Beef Cattle Station Worker,partial
121313,Dairy Cattle Farmer,152231,Dairy Cattle Farmer,full
121313,Dairy Cattle Farmer,343233,Senior Dairy Cattle Farm Worker,partial
121314,Deer Farmer,152999,Livestock Farmers nec,partial
121315,Goat Farmer,152932,Goat Farmer,full
121316,Horse Breeder,152933,Horse Breeder,full
121316,Horse Breeder,343234,Senior Horse Stable or Stud Worker,partial
121317,Mixed Livestock Farmer,152331,Mixed Cattle and Sheep Farmer,full
121317,Mixed Livestock Farmer,152999,Livestock Farmers nec,partial
121317,Mixed Livestock Farmer,343232,Senior Cattle and Sheep Farm Worker,partial
121318,Pig Farmer,152934,Pig Farmer,full
121318,Pig Farmer,343235,Senior Piggery Stockperson,partial
121321,Poultry Farmer,152935,Poultry Farmer,full
121321,Poultry Farmer,343299,Senior Livestock Farm Workers nec,partial
121322,Sheep Farmer,152431,Sheep Farmer,full
121322,Sheep Farmer,343236,Senior Sheep Farm Worker,partial
121399,Livestock Farmers nec,152999,Livestock Farmers nec,partial
121411,Mixed Crop and Livestock Farmer,151332,Broadacre Crop and Livestock Farmer,full
121411,Mixed Crop and Livestock Farmer,151399,Mixed Production and Aquaculture Farmers nec,partial
121411,Mixed Crop and Livestock Farmer,343135,Senior Broadacre Crop and Livestock Farm Worker,partial
131112,Sales and Marketing Manager,112132,Business Development Manager,full
131112,Sales and Marketing Manager,112133,Sales and Marketing Manager,full
131113,Advertising Manager,112131,Advertising Manager,full
131114,Public Relations Manager,112231,Communications Manager (Public Relations),full
132111,Corporate Services Manager,111131,Corporate Services Manager,full
132211,Finance Manager,111231,Finance Manager,full
132311,Human Resource Manager,111331,Human Resources Manager,full
132311,Human Resource Manager,111633,Work Health and Safety Manager,full
132411,Policy and Planning Manager,111431,Policy and Planning Manager,full
132511,Research and Development Manager,111531,Research and Development Manager,full
133111,Construction Project Manager,131131,Construction Project Manager,full
133112,Project Builder,131331,Project Builder,full
133211,Engineering Manager,131231,Engineering Manager,full
133311,Importer or Exporter,133131,Importer or Exporter,full
133312,Wholesaler,133132,Wholesaler,full
133411,Manufacturer,132131,Manufacturer,full
133511,Production Manager (Forestry),132231,Forest Manager,full
133512,Production Manager (Manufacturing),132232,Production Manager (Manufacturing),partial
133513,Production Manager (Mining),132233,Production Manager (Mining),full
133611,Supply and Distribution Manager,133331,Supply and Distribution Manager,full
133612,Procurement Manager,133231,Procurement Manager,full
134111,Child Care Centre Manager,141231,Children's Education and Care Service Director,partial
134211,Medical Administrator / Medical Superintendent,141333,Medical Administrator,full
134212,Nursing Clinical Director,141331,Aged Care Manager,partial
134212,Nursing Clinical Director,141332,Director of Nursing / Midwifery,full
134213,Primary Health Organisation Manager,141399,Health and Welfare Service Managers nec,partial
134214,Welfare Centre Manager,141335,Welfare Centre Manager,full
134299,Health and Welfare Services Managers nec,141331,Aged Care Manager,partial
134299,Health and Welfare Services Managers nec,141334,Paramedic Manager,full
134299,Health and Welfare Services Managers nec,141399,Health and Welfare Service Managers nec,partial
134311,School Principal,141131,Assistant School Principal,full
134311,School Principal,141132,School Principal,full
134411,Faculty Head,141431,Faculty Manager,full
134412,Regional Education Manager,141432,Regional Education Manager,full
134499,Education Managers nec,141499,Education Managers nec,full
135111,Chief Information Officer,113131,Chief Information Officer,full
135111,Chief Information Officer,113132,Chief Information Security Officer,full
135112,ICT Project Manager,113232,ICT Project Manager,full
135199,ICT Managers nec,113231,ICT Operations Manager,full
135199,ICT Managers nec,113233,ICT Service Delivery Manager,full
135199,ICT Managers nec,113299,ICT Managers nec,full
139111,Commissioned Defence Force Officer,149231,Commissioned Defence Force Officer,partial
139112,Commissioned Fire Officer,149232,Commissioned Fire Officer,full
139113,Commissioned Police Officer,149233,Commissioned Police Officer,full
139211,Senior Non-commissioned Defence Force Member,149431,Senior Non-commissioned Defence Force Member,full
139911,Arts Administrator or Manager,149131,Arts Administrator or Manager,full
139912,Environmental Manager,149331,Environmental Manager,full
139913,Laboratory Manager,149333,Laboratory Manager,full
139914,Quality Assurance Manager,111631,Quality Assurance Manager,full
139914,Quality Assurance Manager,111632,Regulatory Affairs Manager,full
139915,Sports Administrator,149133,Sports Administrator,full
139999,Specialist Managers nec,131931,Surveying Manager,full
139999,Specialist Managers nec,131999,Construction and Engineering Managers nec,full
139999,Specialist Managers nec,149199,"Arts, Culture and Sports Administrators nec",full
139999,Specialist Managers nec,149332,Exploration Manager,full
139999,Specialist Managers nec,149399,Scientific and Environmental Managers nec,full
139999,Specialist Managers nec,149931,Airport Manager,full
139999,Specialist Managers nec,149932,Correctional Facility Manager,full
139999,Specialist Managers nec,149933,Emergency Management Officer,full
139999,Specialist Managers nec,149999,Specialist Managers nec,full
139999,Specialist Managers nec,172934,Security Manager (Non-ICT),full
141111,Cafe or Restaurant Manager,161231,Cafe or Restaurant Manager,partial
141111,Cafe or Restaurant Manager,161232,Catering Manager,full
141211,Caravan Park and Camping Ground Manager,161931,Caravan Park and Camping Ground Manager,full
141311,Hotel or Motel Manager,161431,Hotel or Motel Manager,full
141411,Licensed Club Manager,161531,Licensed Club Manager,partial
141911,Bed and Breakfast Operator,161932,Hosted Accommodation Operator,full
141912,Retirement Village Manager,172933,Retirement Village Manager,full
141999,Accommodation and Hospitality Managers nec,161999,"Hospitality, Tourism and Venue Managers nec",partial
142111,Retail Manager (General),161231,Cafe or Restaurant Manager,partial
142111,Retail Manager (General),162131,Retail Manager (General),full
142112,Antique Dealer,162132,Antique Dealer,full
142113,Betting Agency Manager,161332,Betting Agency Manager,full
142114,Hair or Beauty Salon Manager,172431,Hair or Beauty Salon Manager,full
142115,Post Office Manager,162133,Post Office Manager,full
142116,Travel Agency Manager,161933,Travel Agency Manager,full
149111,Amusement Centre Manager,161331,Amusement Centre Manager,full
149112,Fitness Centre Manager,161334,Fitness Centre Manager,full
149113,Sports Centre Manager,161335,Sports Centre Manager,full
149211,Call or Contact Centre Manager,172131,Call or Contact Centre Manager,full
149212,Customer Service Manager,172132,Customer Service Manager,full
149311,Conference and Event Organiser,172231,Event Manager,full
149411,Fleet Manager,172531,Fleet Manager,full
149412,Railway Station Manager,172532,Railway Station Manager,full
149413,Transport Company Manager,172533,Transport Company Manager,full
149911,Boarding Kennel or Cattery Operator,172931,Boarding Kennel or Cattery Operator,full
149912,Cinema or Theatre Manager,161333,Cinema or Theatre Manager,full
149913,Facilities Manager,172331,Facilities Manager,full
149914,Financial Institution Branch Manager,171131,Financial Institution Manager,full
149915,Equipment Hire Manager,172932,Equipment Hire Manager,full
149999,"Hospitality, Retail and Service Managers nec",132232,Production Manager (Manufacturing),partial
149999,"Hospitality, Retail and Service Managers nec",161399,"Entertainment, Fitness and Sports Venue Managers nec",full
149999,"Hospitality, Retail and Service Managers nec",161999,"Hospitality, Tourism and Venue Managers nec",partial
149999,"Hospitality, Retail and Service Managers nec",172499,"Hair, Body and Beauty Service Managers nec",full
149999,"Hospitality, Retail and Service Managers nec",172999,Service Managers nec,full
211111,Actor,231131,Actor,full
211112,Dancer or Choreographer,231134,Dancer or Choreographer,full
211113,Entertainer or Variety Artist,231132,Circus Performer or Trainer,partial
211113,Entertainer or Variety Artist,231135,Entertainer or Variety Performer,full
211199,"Actors, Dancers and Other Entertainers nec",231132,Circus Performer or Trainer,partial
211199,"Actors, Dancers and Other Entertainers nec",231133,Content Creator (Social Media),full
211199,"Actors, Dancers and Other Entertainers nec",231199,"Actors, Dancers and Other Entertainers nec",full
211199,"Actors, Dancers and Other Entertainers nec",231699,Music Professionals nec,partial
211211,Composer,231631,Composer,full
211212,Music Director,231632,Music Director,full
211213,Musician (Instrumental),231633,Musician (Instrumental),full
211214,Singer,231634,Singer,full
211299,Music Professionals nec,231699,Music Professionals nec,partial
211311,Photographer,391331,Photographer,full
211411,Painter (Visual Arts),231731,Painter (Visual Arts),full
211412,Potter or Ceramic Artist,231732,Potter or Ceramic Artist,full
211413,Sculptor,231733,Sculptor,full
211499,Visual Arts and Crafts Professionals nec,231799,Visual Arts and Crafts Professionals nec,full
212111,Artistic Director,231431,Artistic Director,full
212112,Media Producer (excluding Video),221131,Advertising Specialist,partial
212112,Media Producer (excluding Video),231435,Production Manager (Screen or Live Performance),partial
212112,Media Producer (excluding Video),231531,Audio Producer,partial
212112,Media Producer (excluding Video),231532,Live Performance Producer,full
212112,Media Producer (excluding Video),231533,Screen Producer,partial
212113,Radio Presenter,231699,Music Professionals nec,partial
212113,Radio Presenter,231932,Media Presenter,partial
212114,Television Presenter,231932,Media Presenter,partial
212211,Author,231231,Author,full
212212,Book or Script Editor,231232,Book or Script Editor,full
212311,"Art Director (Film, Television or Stage)",231437,Screen or Live Performance Designer,partial
212312,"Director (Film, Television, Radio or Stage)",231432,Audio or Live Performance Director,partial
212312,"Director (Film, Television, Radio or Stage)",231436,Screen Director,full
212313,Director of Photography,231433,Cinematographer,full
212314,Film and Video Editor,231434,Film and Video Editor,full
212315,Program Director (Television or Radio),231531,Audio Producer,partial
212315,Program Director (Television or Radio),231533,Screen Producer,partial
212316,Stage Manager,231435,Production Manager (Screen or Live Performance),partial
212317,Technical Director,231438,Technical Director,partial
212318,Video Producer,231533,Screen Producer,partial
212399,"Film, Television, Radio and Stage Directors nec",231432,Audio or Live Performance Director,partial
212399,"Film, Television, Radio and Stage Directors nec",231438,Technical Director,partial
212399,"Film, Television, Radio and Stage Directors nec",231499,Media Directors and Designers nec,full
212411,Copywriter,231331,Copywriter,full
212412,Newspaper or Periodical Editor,231333,Print or Digital Content Editor,partial
212413,Print Journalist,231332,Journalist,partial
212414,Radio Journalist,231332,Journalist,partial
212415,Technical Writer,231334,Technical Writer,full
212416,Television Journalist,231332,Journalist,partial
212499,Journalists and Other Writers nec,231332,Journalist,partial
212499,Journalists and Other Writers nec,231399,Journalists and Other Writers nec,full
221111,Accountant (General),211131,Accountant (General),full
221111,Accountant (General),211133,Forensic Accountant,full
221112,Management Accountant,211134,Management Accountant,full
221113,Taxation Accountant,211135,Taxation Accountant,full
221211,Company Secretary,223931,Company Secretary,full
221212,Corporate Treasurer,211132,Corporate Treasurer,full
221213,External Auditor,211231,External Auditor,full
221214,Internal Auditor,211232,Internal Auditor,full
222111,Commodities Trader,531332,Commodities Trader,full
222112,Finance Broker,531333,Finance Broker,full
222113,Insurance Broker,531334,Insurance Broker,full
222199,Financial Brokers nec,531399,Financial and Insurance Brokers nec,full
222211,Financial Market Dealer,212231,Financial Market Dealer,partial
222212,Futures Trader,212231,Financial Market Dealer,partial
222213,Stockbroking Dealer,212232,Stockbroker,full
222213,Stockbroking Dealer,212331,Capital Markets Specialist,full
222299,Financial Dealers nec,212332,Investment Analyst,full
222299,Financial Dealers nec,212931,Credit Risk Manager,full
222299,Financial Dealers nec,212999,Financial Services and Investment Specialists nec,full
222311,Financial Investment Adviser,212131,Financial Adviser,full
222312,Financial Investment Manager,212333,Investment Manager,full
223111,Human Resource Adviser,222131,Human Resources Adviser,full
223112,Recruitment Consultant,222231,Recruitment Consultant,full
223112,Recruitment Consultant,411431,Employment Consultant,partial
223113,Workplace Relations Adviser,222132,Workplace Relations Adviser,full
223113,Workplace Relations Adviser,599941,Union Organiser,full
223211,ICT Trainer,222431,Training and Development Professional,partial
223311,Training and Development Professional,222431,Training and Development Professional,partial
224111,Actuary,223131,Actuary,full
224112,Mathematician,223132,Mathematician,full
224113,Statistician,223133,Statistician,full
224113,Statistician,223231,Data Analyst,full
224113,Statistician,223234,Data Scientist,full
224211,Archivist,232332,Archivist,full
224212,Gallery or Museum Curator,232334,Gallery or Museum Curator,full
224213,Health Information Manager,223933,Health Information Manager,full
224214,Records Manager,223935,Records or Information Manager,full
224311,Economist,232333,Economist,partial
224411,Intelligence Officer,223331,Intelligence Analyst,full
224412,Policy Analyst,223332,Policy Analyst,full
224511,Land Economist,131431,Property Developer,full
224511,Land Economist,223531,Asset Manager (Property),full
224511,Land Economist,232333,Economist,partial
224512,Valuer,223532,Valuer,full
224611,Librarian,149132,Library Services Manager,full
224611,Librarian,232131,Librarian,full
224711,Management Consultant,223432,Management Consultant,full
224711,Management Consultant,223434,Supply Chain Analyst,full
224712,Organisation and Methods Analyst,223433,Organisation and Methods Analyst,full
224911,Electorate Officer,221331,Electorate Officer,full
224912,Liaison Officer,221332,Liaison Officer,full
224913,Migration Agent / Immigration Consultant,281236,Migration Agent,full
224914,Patents Examiner,223934,Patents Examiner,full
224999,Information and Organisation Professionals nec,223932,Cost Controller,full
224999,Information and Organisation Professionals nec,223999,Information and Organisation Professionals nec,full
225111,Advertising Specialist,221131,Advertising Specialist,partial
225112,Market Research Analyst,221532,Digital Marketing Analyst,full
225112,Market Research Analyst,221533,Market Research Analyst,full
225113,Marketing Specialist,221531,Content Creator (Marketing),full
225113,Marketing Specialist,221534,Marketing Specialist,full
225211,ICT Account Manager,221631,ICT Account Manager,full
225212,ICT Business Development Manager,221431,ICT Business Development Manager,full
225213,ICT Sales Representative,221632,ICT Sales Representative,full
225311,Public Relations Professional,221231,Communications Officer (Public Relations),full
225411,Sales Representative (Industrial Products),221633,Sales Representative (Industrial Products),full
225412,Sales Representative (Medical and Pharmaceutical Products),221634,Sales Representative (Medical and Pharmaceutical Products),full
225499,Technical Sales Representatives nec,221699,Technical Sales Representatives nec,full
225499,Technical Sales Representatives nec,244133,Agronomist,partial
231111,Aeroplane Pilot,299131,Aeroplane Pilot,full
231112,Air Traffic Controller,299132,Air Traffic Controller,full
231113,Flying Instructor,299133,Flight Instructor,full
231114,Helicopter Pilot,299134,Helicopter Pilot,full
231199,Air Transport Professionals nec,299199,Air Transport Professionals nec,full
231211,Master Fisher,313434,Master Fisher,full
231212,Ship's Engineer,313431,Marine Engineer,full
231213,Ship's Master,313432,Marine Pilot,full
231213,Ship's Master,313435,Ship's Master,full
231214,Ship's Officer,313436,Ship's Officer,full
231215,Marine Surveyor,313433,Marine Surveyor,full
231299,Marine Transport Professionals nec,313499,"Marine Transport Masters, Officers and Technicians nec",full
232111,Architect,241131,Architect,full
232112,Landscape Architect,241132,Landscape Architect,full
232112,Landscape Architect,241133,Urban Designer,partial
232112,Landscape Architect,312134,Landscape Designer,full
232212,Surveyor,241232,Engineering Surveyor,full
232212,Surveyor,241234,Land Surveyor,full
232212,Surveyor,241235,Mine Surveyor,full
232212,Surveyor,241299,Geospatial Information Professionals and Surveyors nec,full
232213,Cartographer,241231,Cartographer,full
232214,Other Spatial Scientist,241233,Geospatial Specialist,full
232311,Fashion Designer,231437,Screen or Live Performance Designer,partial
232311,Fashion Designer,242231,Fashion Designer,full
232312,Industrial Designer,242232,Industrial Designer,full
232312,Industrial Designer,242234,Textile Designer,full
232313,Jewellery Designer,242233,Jewellery Designer,full
232411,Graphic Designer,242331,Animator or Visual Effects Artist,partial
232411,Graphic Designer,242332,Graphic Designer,full
232412,Illustrator,242331,Animator or Visual Effects Artist,partial
232412,Illustrator,242333,Illustrator,full
232413,Multimedia Designer,242131,Multimedia Designer,partial
232413,Multimedia Designer,242331,Animator or Visual Effects Artist,partial
232413,Multimedia Designer,259331,Education Adviser,partial
232413,Multimedia Designer,273131,Digital Game Developer,partial
232414,Web Designer,242133,Web Designer,full
232511,Interior Designer,242431,Interior Designer,full
232611,Urban and Regional Planner,241133,Urban Designer,partial
232611,Urban and Regional Planner,241331,Urban and Regional Planner,full
233111,Chemical Engineer,243131,Chemical Engineer,full
233112,Materials Engineer,243133,Materials Engineer,partial
233211,Civil Engineer,243231,Civil Engineer,partial
233211,Civil Engineer,243236,Water Engineer,full
233212,Geotechnical Engineer,243232,Geotechnical Engineer,full
233213,Quantity Surveyor,241932,Quantity Surveyor,full
233214,Structural Engineer,243234,Structural Engineer,full
233215,Transport Engineer,243231,Civil Engineer,partial
233215,Transport Engineer,243233,Rail Engineer,full
233215,Transport Engineer,243235,Transport Engineer,full
233311,Electrical Engineer,243331,Electrical Engineer,full
233311,Electrical Engineer,243332,Rail Signalling Engineer,full
233411,Electronics Engineer,243431,Electronics Engineer,full
233511,Industrial Engineer,243531,Industrial Engineer,full
233512,Mechanical Engineer,243532,Mechanical Engineer,full
233513,Production or Plant Engineer,243533,Production or Plant Engineer,full
233611,Mining Engineer (excluding Petroleum),243631,Mining Engineer (excluding Petroleum),full
233612,Petroleum Engineer,243632,Petroleum Engineer,full
233911,Aeronautical Engineer,243932,Aerospace Engineer,full
233912,Agricultural Engineer,243999,Engineering Professionals nec,partial
233913,Biomedical Engineer,243933,Biomedical Engineer,full
233914,Engineering Technologist,243934,Engineering Technologist,full
233915,Environmental Engineer,243935,Environmental Engineer,full
233916,Naval Architect / Marine Designer,243938,Naval Architect,full
233999,Engineering Professionals nec,243133,Materials Engineer,partial
233999,Engineering Professionals nec,243931,Acoustic Engineer,full
233999,Engineering Professionals nec,243936,Fire Safety Engineer,full
233999,Engineering Professionals nec,243937,Mechatronics Engineer,full
233999,Engineering Professionals nec,243999,Engineering Professionals nec,partial
234111,Agricultural Consultant,244131,Agricultural Consultant,full
234112,Agricultural Scientist,244132,Agricultural Research Scientist,full
234112,Agricultural Scientist,244133,Agronomist,partial
234112,Agricultural Scientist,244134,Aquaculture or Fisheries Scientist,partial
234113,Forester / Forest Scientist,244135,Forester,full
234211,Chemist,244231,Chemist,partial
234212,Food Technologist,244232,Food Technologist,full
234213,Wine Maker,244233,Winemaker,full
234311,Conservation Officer,244332,Conservation Officer,partial
234312,Environmental Consultant,244332,Conservation Officer,partial
234312,Environmental Consultant,244431,Environmental Consultant,full
234313,Environmental Research Scientist,244333,Ecologist,full
234313,Environmental Research Scientist,244432,Environmental Research Scientist,full
234314,Park Ranger,244331,Aboriginal and Torres Strait Islander Land and Sea Ranger,full
234314,Park Ranger,244334,Park Ranger,full
234399,Environmental Scientists nec,244499,Environmental Consultants and Scientists nec,full
234411,Geologist,244531,Geologist,full
234412,Geophysicist,244532,Geophysicist,full
234413,Hydrogeologist,244533,Hydrologist,full
234511,Life Scientist (General),244699,Life Scientists nec,partial
234513,Biochemist,244699,Life Scientists nec,partial
234514,Biotechnologist,244631,Biotechnologist,full
234515,Botanist,244632,Botanist,full
234516,Marine Biologist,244134,Aquaculture or Fisheries Scientist,partial
234516,Marine Biologist,244634,Marine Biologist,full
234517,Microbiologist,244635,Microbiologist,full
234518,Zoologist,244133,Agronomist,partial
234518,Zoologist,244633,Entomologist,full
234518,Zoologist,244636,Zoologist,full
234599,Life Scientists nec,244699,Life Scientists nec,partial
234599,Life Scientists nec,263934,Neurophysiology Scientist,full
234611,Medical Laboratory Scientist,244731,Medical Laboratory Scientist,full
234711,Veterinarian,269531,Veterinarian,full
234911,Conservator,244931,Conservator,full
234912,Metallurgist,243132,Extractive Metallurgist,full
234912,Metallurgist,243133,Materials Engineer,partial
234913,Meteorologist,244932,Meteorologist,full
234914,Physicist,244732,Medical Physicist,full
234914,Physicist,244933,Physicist,full
234915,Exercise Physiologist,262231,Exercise Physiologist,full
234915,Exercise Physiologist,262232,Exercise and Sports Scientist,full
234999,Natural and Physical Science Professionals nec,244999,Natural and Physical Science Professionals nec,full
234999,Natural and Physical Science Professionals nec,263936,Respiratory or Sleep Scientist,full
241111,Early Childhood (Pre-primary School) Teacher,141231,Children's Education and Care Service Director,partial
241111,Early Childhood (Pre-primary School) Teacher,251131,Early Childhood (Pre-primary School) Teacher,partial
241112,Kaiako Kohanga Reo (Māori Language Nest Teacher),251131,Early Childhood (Pre-primary School) Teacher,partial
241211,Kaiako Kura Kaupapa Māori (Māori-medium Primary School Teacher),251231,Primary School Teacher,partial
241211,Kaiako Kura Kaupapa Māori (Māori-medium Primary School Teacher),251931,Teacher Librarian,partial
241212,Pouako Kura Kaupapa Māori (Māori-medium Primary School Senior Teacher),251231,Primary School Teacher,partial
241212,Pouako Kura Kaupapa Māori (Māori-medium Primary School Senior Teacher),251931,Teacher Librarian,partial
241213,Primary School Teacher,251231,Primary School Teacher,partial
241213,Primary School Teacher,251931,Teacher Librarian,partial
241311,Middle School Teacher / Intermediate School Teacher,251331,Secondary School Teacher,partial
241411,Secondary School Teacher,251331,Secondary School Teacher,partial
241411,Secondary School Teacher,251931,Teacher Librarian,partial
241511,Special Needs Teacher,251431,Special Education Teacher,full
241511,Special Needs Teacher,259999,Education Professionals nec,partial
241512,Teacher of the Hearing Impaired,251433,Teacher of the Deaf,full
241513,Teacher of the Sight Impaired,251432,Specialist Teacher (Vision Impairment),full
241599,Special Education Teachers nec,259999,Education Professionals nec,partial
242111,University Lecturer,252131,University Lecturer,full
242112,University Tutor,252132,University Tutor,full
242211,Vocational Education Teacher / Polytechnic Teacher,222431,Training and Development Professional,partial
242211,Vocational Education Teacher / Polytechnic Teacher,252231,Vocational Education Teacher,full
242211,Vocational Education Teacher / Polytechnic Teacher,259931,Adult Literacy / Numeracy Teacher,full
249111,Education Adviser,259331,Education Adviser,partial
249112,Education Reviewer,259332,Education Reviewer,full
249211,Art Teacher (Private Tuition),259231,Art Teacher (Private Tuition),full
249212,Dance Teacher (Private Tuition),259232,Dance Teacher (Private Tuition),full
249213,Drama Teacher (Private Tuition),259233,Speech and Drama Teacher (Private Tuition),full
249214,Music Teacher (Private Tuition),259431,Music Teacher (Private Tuition),full
249299,Private Tutors and Teachers nec,259131,Academic Tutor (Private Tuition),full
249299,Private Tutors and Teachers nec,259299,Arts and Personal Enrichment Teachers (Private Tuition) nec,full
249299,Private Tutors and Teachers nec,259999,Education Professionals nec,partial
249311,Teacher of English to Speakers of Other Languages,259531,Teacher of English to Speakers of Other Languages,full
251111,Dietitian,263231,Dietitian,full
251112,Nutritionist,263232,Nutritionist,full
251211,Medical Diagnostic Radiographer,263133,Radiographer,full
251212,Medical Radiation Therapist,263132,Radiation Therapist,full
251213,Nuclear Medicine Technologist,263131,Nuclear Medicine Technologist,full
251214,Sonographer,263531,Sonographer,full
251214,Sonographer,263932,Cardiac Physiologist,partial
251311,Environmental Health Officer,269331,Environmental Health Officer,full
251312,Occupational Health and Safety Adviser,222331,Rehabilitation Consultant,partial
251312,Occupational Health and Safety Adviser,222332,Work Health and Safety Adviser,full
251411,Optometrist,263331,Optometrist,full
251412,Orthoptist,263935,Orthoptist,full
251511,Hospital Pharmacist,263432,Hospital Pharmacist,full
251512,Industrial Pharmacist,244231,Chemist,partial
251513,Retail Pharmacist,263431,Community Pharmacist,full
251911,Health Promotion Officer,263933,Diabetes Educator,full
251911,Health Promotion Officer,265131,Midwife,partial
251911,Health Promotion Officer,269332,Health Promotion Officer,full
251912,Orthotist or Prosthetist,262931,Orthotist / Prosthetist,full
251999,Health Diagnostic and Promotion Professionals nec,261999,"Allied Health Counselling, Psychology, Social Work and Creative Therapy Professionals nec",partial
251999,Health Diagnostic and Promotion Professionals nec,262999,Allied Health Physical and Sensory Therapy Professionals nec,full
251999,Health Diagnostic and Promotion Professionals nec,263999,Allied Health Science Professionals nec,full
251999,Health Diagnostic and Promotion Professionals nec,269999,Health Professionals nec,partial
252111,Chiropractor,262131,Chiropractor,full
252112,Osteopath,262932,Osteopath,full
252211,Acupuncturist,269931,Acupuncturist,full
252212,Homoeopath,269999,Health Professionals nec,partial
252213,Naturopath,269933,Naturopath,full
252214,Traditional Chinese Medicine Practitioner,269932,Chinese Medicine Practitioner,full
252215,Traditional Māori Health Practitioner,269999,Health Professionals nec,partial
252299,Complementary Health Therapists nec,261931,Arts Therapist,partial
252299,Complementary Health Therapists nec,261933,Music Therapist,full
252299,Complementary Health Therapists nec,261999,"Allied Health Counselling, Psychology, Social Work and Creative Therapy Professionals nec",partial
252299,Complementary Health Therapists nec,269999,Health Professionals nec,partial
252311,Dental Specialist,269231,Dental Specialist,full
252312,Dentist,269232,Dentist,full
252411,Occupational Therapist,262331,Occupational Therapist,full
252511,Physiotherapist,262431,Physiotherapist,full
252611,Podiatrist,262531,Podiatrist,full
252711,Audiologist,263931,Audiologist,full
252712,Speech Pathologist \ Speech Language Therapist,262631,Speech Pathologist,full
253111,General Practitioner,264231,General Practitioner,full
253112,Resident Medical Officer,264531,Resident Medical Officer,full
253211,Anaesthetist,264131,Anaesthetist,full
253311,Specialist Physician (General Medicine),264331,General Medicine Physician,full
253312,Cardiologist,264332,Cardiologist,full
253313,Clinical Haematologist,264336,Haematologist,partial
253314,Medical Oncologist,264338,Medical Oncologist,full
253315,Endocrinologist,264333,Endocrinologist,partial
253316,Gastroenterologist,264334,Gastroenterologist,full
253317,Intensive Care Specialist,264337,Intensive Care Specialist,partial
253318,Neurologist,264342,Neurologist,full
253321,Paediatrician,264333,Endocrinologist,partial
253321,Paediatrician,264336,Haematologist,partial
253321,Paediatrician,264337,Intensive Care Specialist,partial
253321,Paediatrician,264343,Paediatrician,full
253321,Paediatrician,264345,Respiratory Physician,partial
253322,Renal Medicine Specialist,264341,Nephrologist,full
253323,Rheumatologist,264346,Rheumatologist,full
253324,Thoracic Medicine Specialist,264345,Respiratory Physician,partial
253399,Specialist Physicians nec,264335,Geriatrician,full
253399,Specialist Physicians nec,264344,Public Health Physician,full
253399,Specialist Physicians nec,264345,Respiratory Physician,partial
253399,Specialist Physicians nec,264399,Physicians nec,full
253411,Psychiatrist,264431,Psychiatrist,full
253511,Surgeon (General),264631,General Surgeon,full
253512,Cardiothoracic Surgeon,264632,Cardiothoracic Surgeon,full
253513,Neurosurgeon,264633,Neurosurgeon,full
253514,Orthopaedic Surgeon,264634,Orthopaedic Surgeon,full
253515,Otorhinolaryngologist,264635,Otolaryngologist,full
253516,Paediatric Surgeon,264636,Paediatric Surgeon,full
253517,Plastic and Reconstructive Surgeon,264637,Plastic and Reconstructive Surgeon,full
253518,Urologist,264638,Urologist,full
253521,Vascular Surgeon,264641,Vascular Surgeon,full
253911,Dermatologist,264931,Dermatologist,full
253912,Emergency Medicine Specialist,264932,Emergency Medicine Specialist,full
253913,Obstetrician and Gynaecologist,264933,Obstetrician and Gynaecologist,full
253914,Ophthalmologist,264934,Ophthalmologist,full
253915,Pathologist,264336,Haematologist,partial
253915,Pathologist,264935,Pathologist,full
253917,Diagnostic and Interventional Radiologist,264937,Radiologist,partial
253918,Radiation Oncologist,264936,Radiation Oncologist,full
253999,Medical Practitioners nec,264937,Radiologist,partial
253999,Medical Practitioners nec,264999,Medical Practitioners nec,full
254111,Midwife,265131,Midwife,partial
254211,Nurse Educator,265231,Nurse Educator,full
254212,Nurse Researcher,265232,Nurse Researcher,full
254311,Nurse Manager,141331,Aged Care Manager,partial
254311,Nurse Manager,265331,Nursing / Midwifery Unit Manager,full
254411,Nurse Practitioner,265431,Nurse Practitioner,full
254412,Registered Nurse (Aged Care),265433,Registered Nurse (Aged Care),full
254413,Registered Nurse (Child and Family Health),265435,Registered Nurse (Primary Health Care),partial
254414,Registered Nurse (Community Health),265435,Registered Nurse (Primary Health Care),partial
254415,Registered Nurse (Critical Care and Emergency),265432,Registered Nurse (Acute Care),partial
254416,Registered Nurse (Developmental Disability),265435,Registered Nurse (Primary Health Care),partial
254417,Registered Nurse (Disability and Rehabilitation),265432,Registered Nurse (Acute Care),partial
254417,Registered Nurse (Disability and Rehabilitation),265435,Registered Nurse (Primary Health Care),partial
254418,Registered Nurse (Medical),265432,Registered Nurse (Acute Care),partial
254421,Registered Nurse (Medical Practice),265435,Registered Nurse (Primary Health Care),partial
254422,Registered Nurse (Mental Health),265434,Registered Nurse (Mental Health),full
254423,Registered Nurse (Perioperative),265432,Registered Nurse (Acute Care),partial
254424,Registered Nurse (Surgical),265432,Registered Nurse (Acute Care),partial
254425,Registered Nurse (Paediatrics),265432,Registered Nurse (Acute Care),partial
254499,Registered Nurses nec,265432,Registered Nurse (Acute Care),partial
254499,Registered Nurses nec,265435,Registered Nurse (Primary Health Care),partial
254499,Registered Nurses nec,265499,Registered Nurses nec,full
261111,ICT Business Analyst,223431,Enterprise Architect,full
261111,ICT Business Analyst,273231,Cloud Architect,full
261111,ICT Business Analyst,273232,ICT Business Analyst,full
261111,ICT Business Analyst,273233,Solution Architect,partial
261112,Systems Analyst,273233,Solution Architect,partial
261112,Systems Analyst,273234,Systems Analyst,full
261211,Multimedia Specialist,242131,Multimedia Designer,partial
261211,Multimedia Specialist,273131,Digital Game Developer,partial
261211,Multimedia Specialist,273132,Web Developer,partial
261212,Web Developer,273132,Web Developer,partial
261212,Web Developer,273333,Software Engineer,partial
261311,Analyst Programmer,273333,Software Engineer,partial
261312,Developer Programmer,273333,Software Engineer,partial
261313,Software Engineer,223232,Data Architect,full
261313,Software Engineer,223233,Data Engineer,full
261313,Software Engineer,271135,Cyber Security Engineer,full
261313,Software Engineer,273233,Solution Architect,partial
261313,Software Engineer,273331,Cloud Engineer,full
261313,Software Engineer,273332,DevOps Engineer,full
261313,Software Engineer,273333,Software Engineer,partial
261314,Software Tester,271137,Penetration Tester,full
261314,Software Tester,272233,ICT Test Analyst,partial
261399,Software and Applications Programmers nec,273333,Software Engineer,partial
262111,Database Administrator,271231,Database Administrator,full
262112,ICT Security Specialist,271131,Cyber Governance Risk and Compliance Specialist,full
262112,ICT Security Specialist,271132,Cyber Security Advice and Assessment Specialist,full
262112,ICT Security Specialist,271133,Cyber Security Analyst,full
262112,ICT Security Specialist,271134,Cyber Security Architect,full
262112,ICT Security Specialist,271136,Cyber Security Operations Coordinator,full
262113,Systems Administrator,271232,Systems Administrator,full
263111,Computer Network and Systems Engineer,272131,ICT Network and Systems Engineer,partial
263112,Network Administrator,272132,Network Administrator,full
263113,Network Analyst,272131,ICT Network and Systems Engineer,partial
263113,Network Analyst,272133,Network Architect,full
263211,ICT Quality Assurance Engineer,272231,ICT Quality Assurance Engineer,full
263212,ICT Support Engineer,272232,ICT Support Engineer,full
263213,ICT Systems Test Engineer,272233,ICT Test Analyst,partial
263299,ICT Support and Test Engineers nec,242132,UI / UX Designer,full
263299,ICT Support and Test Engineers nec,272233,ICT Test Analyst,partial
263311,Telecommunications Engineer,272331,Telecommunications Engineer,partial
263312,Telecommunications Network Engineer,272331,Telecommunications Engineer,partial
271111,Barrister,281131,Barrister,full
271111,Barrister,281237,Police Prosecutor,full
271211,Judge,281233,Judge,full
271212,Magistrate,281235,Magistrate,full
271213,Tribunal Member,281238,Tribunal Member,full
271214,Intellectual Property Lawyer,281232,Intellectual Property Lawyer,full
271299,Judicial and Other Legal Professionals nec,281231,Family Dispute Resolution Practitioner,full
271299,Judicial and Other Legal Professionals nec,281299,Judicial and Other Legal Professionals nec,full
271311,Solicitor,281331,Solicitor,full
272111,Careers Counsellor,259932,Careers Adviser,full
272112,Drug and Alcohol Counsellor,261132,Alcohol and Other Drugs Counsellor,full
272113,Family and Marriage Counsellor,261133,Family and Relationship Counsellor,full
272114,Rehabilitation Counsellor,222331,Rehabilitation Consultant,partial
272114,Rehabilitation Counsellor,261135,Rehabilitation Counsellor,full
272115,Student Counsellor,261136,School Counsellor,full
272199,Counsellors nec,259933,Student Services Adviser,full
272199,Counsellors nec,261131,Counsellor (General),full
272199,Counsellors nec,261999,"Allied Health Counselling, Psychology, Social Work and Creative Therapy Professionals nec",partial
272211,Minister of Religion,232231,Religious Leader,full
272311,Clinical Psychologist,261231,Psychologist,partial
272312,Educational Psychologist,261231,Psychologist,partial
272313,Organisational Psychologist,261231,Psychologist,partial
272314,Psychotherapist,261134,Psychotherapist,full
272314,Psychotherapist,261931,Arts Therapist,partial
272314,Psychotherapist,261932,Behaviour Support Practitioner,full
272399,Psychologists nec,261231,Psychologist,partial
272411,Historian,232336,Historian,full
272412,Interpreter,411531,Interpreter,full
272413,Translator,411532,Translator,full
272414,Archaeologist,232331,Archaeologist,full
272499,Social Professionals nec,232335,Heritage Consultant,full
272499,Social Professionals nec,232399,Social Science and Related Professionals nec,full
272511,Social Worker,261331,Social Worker,full
272611,Community Arts Worker,231931,Community Arts Worker,full
272612,Recreation Officer / Recreation Coordinator,411931,Recreation Officer,full
272613,Welfare Worker,411131,Child Protection Practitioner,full
272613,Welfare Worker,411132,Family Violence Practitioner,full
272613,Welfare Worker,411633,Financial Counsellor (Community),full
272613,Welfare Worker,411636,Welfare Worker,full
272613,Welfare Worker,441331,Mental Health Worker,full
311111,Agricultural Technician,311131,Agricultural and Agritech Technician,full
311111,Agricultural Technician,311132,Animal Husbandry Technician,full
311111,Agricultural Technician,311133,Aquaculture or Fisheries Technician,full
311111,Agricultural Technician,311136,Irrigation Designer,full
311211,Anaesthetic Technician,311231,Anaesthetic Technician,full
311212,Cardiac Technician,263932,Cardiac Physiologist,partial
311213,Medical Laboratory Technician,311233,Medical Laboratory Technician,full
311214,Operating Theatre Technician,311234,Operating Theatre Technician,full
311215,Pharmacy Technician,311331,Community Pharmacy Technician,full
311215,Pharmacy Technician,311332,Hospital Pharmacy Technician,full
311216,Pathology Collector / Phlebotomist,311431,Phlebotomist,full
311299,Medical Technicians nec,311235,Respiratory Technician,full
311299,Medical Technicians nec,311299,Medical and Dental Technicians nec,full
311299,Medical Technicians nec,441933,Audiometrist,full
311311,Fisheries Officer,311135,Fisheries Officer,full
311312,Meat Inspector,311137,Meat Inspector,full
311313,Quarantine Officer,311134,Biosecurity Officer,full
311399,Primary Products Inspectors nec,311138,Primary Products Quality Assurance Officer,full
311399,Primary Products Inspectors nec,311199,Agricultural Technicians and Inspection Officers nec,full
311411,Chemistry Technician,311531,Chemical Technician,full
311412,Earth Science Technician,311532,Earth Science Technician,partial
311413,Life Science Technician,269532,Veterinary Technologist,full
311413,Life Science Technician,311535,Life Science Technician,full
311414,School Laboratory Technician,311536,School Laboratory Technician,full
311415,Hydrographer,311534,Hydrographer,full
311499,Science Technicians nec,311599,Science Technicians nec,full
312111,Architectural Draftsperson,312132,Building Designer,full
312112,Building Associate,312431,Civil Construction Leading Hand,partial
312112,Building Associate,312432,Construction Site Supervisor,full
312113,Building Inspector,241931,Building Surveyor,full
312113,Building Inspector,312231,Building Inspector,full
312114,Construction Estimator,312331,Construction Estimator,full
312115,Plumbing Inspector,312233,Plumbing Inspector,full
312116,Surveying or Spatial Science Technician,311533,Geospatial Technician,full
312116,Surveying or Spatial Science Technician,312135,Surveying Technician,full
312199,"Architectural, Building and Surveying Technicians nec",312133,Detailer Drafter,full
312199,"Architectural, Building and Surveying Technicians nec",312199,Building and Landscape Designers and Technicians nec,full
312199,"Architectural, Building and Surveying Technicians nec",312232,Energy Assessor,full
312211,Civil Engineering Draftsperson,313131,Civil Engineering Draftsperson,full
312212,Civil Engineering Technician,313132,Civil Engineering Technician,full
312311,Electrical Engineering Draftsperson,313231,Electrical Engineering Draftsperson,full
312312,Electrical Engineering Technician,313232,Electrical Engineering Technician,full
312411,Electronic Engineering Draftsperson,313937,Other Draftsperson,partial
312412,Electronic Engineering Technician,313932,Electronic Engineering Technician,full
312511,Mechanical Engineering Draftsperson,313933,Mechanical Engineering Draftsperson,full
312512,Mechanical Engineering Technician,313934,Mechanical Engineering Technician,full
312611,Safety Inspector,312234,Safety Inspector,full
312911,Maintenance Planner,313331,Maintenance Planner,full
312912,Metallurgical or Materials Technician,313935,Metallurgical or Materials Technician,full
312912,Metallurgical or Materials Technician,313936,Non-destructive Testing Technician,full
312913,Mine Deputy,313531,Mining Supervisor,full
312999,Building and Engineering Technicians nec,312131,Architectural Technician,full
312999,Building and Engineering Technicians nec,313931,Biomedical Technician,full
312999,Building and Engineering Technicians nec,313937,Other Draftsperson,partial
312999,Building and Engineering Technicians nec,313999,Engineering Technicians nec,full
313111,Hardware Technician,314131,ICT Hardware Technician,full
313112,ICT Customer Support Officer,314231,ICT Customer Support Officer,full
313113,Web Administrator,314136,Web Administrator,full
313199,ICT Support Technicians nec,314199,ICT and Telecommunications Technicians nec,full
313211,Radiocommunications Technician,314132,Radiocommunications Technician,full
313212,Telecommunications Field Engineer,314133,Telecommunications Field Engineer,full
313213,Telecommunications Network Planner,314134,Telecommunications Network Designer,full
313214,Telecommunications Technical Officer or Technologist,314135,Telecommunications Technical Officer or Technologist,full
321111,Automotive Electrician,351231,Automotive Electrician,full
321111,Automotive Electrician,351434,Electric Vehicle Technician,full
321211,Motor Mechanic (General),351131,Automotive Technician (General),full
321211,Motor Mechanic (General),351435,Marine Technician,partial
321212,Diesel Motor Mechanic,351433,Diesel Technician,full
321212,Diesel Motor Mechanic,351435,Marine Technician,partial
321213,Motorcycle Mechanic,351436,Motorcycle Technician,full
321214,Small Engine Mechanic,351435,Marine Technician,partial
321214,Small Engine Mechanic,351437,Small Engine Technician,full
322111,Blacksmith,331931,Blacksmith,full
322112,Electroplater,331932,Electroplater,full
322113,Farrier,331933,Farrier,full
322114,Metal Casting Trades Worker,331934,Metal Casting Trades Worker,full
322115,Metal Polisher,331935,Metal Polisher,full
322211,Sheetmetal Trades Worker,331936,Sheetmetal Worker,full
322311,Metal Fabricator,331131,Metal Fabricator,full
322312,Pressure Welder,331132,Pressure Welder,full
322313,Welder (First Class) (Aus) / Welder (NZ),331133,Welder (First Class),full
323111,Aircraft Maintenance Engineer (Avionics),332131,Aircraft Maintenance Technician (Avionics),full
323111,Aircraft Maintenance Engineer (Avionics),332134,Licensed Aircraft Maintenance Engineer,partial
323112,Aircraft Maintenance Engineer (Mechanical),332132,Aircraft Maintenance Technician (Mechanical),full
323112,Aircraft Maintenance Engineer (Mechanical),332134,Licensed Aircraft Maintenance Engineer,partial
323113,Aircraft Maintenance Engineer (Structures),332133,Aircraft Maintenance Technician (Structures),full
323211,Fitter (General),332231,Fitter (General),full
323212,Fitter and Turner,332232,Fitter and Turner,full
323213,Fitter-Welder,332233,Fitter-Welder,full
323214,Metal Machinist (First Class),332234,Metal Machinist (First Class),full
323215,"Textile, Clothing and Footwear Mechanic",332299,Metal Fitters and Machinists nec,partial
323299,Metal Fitters and Machinists nec,332299,Metal Fitters and Machinists nec,partial
323299,Metal Fitters and Machinists nec,351431,Agricultural Mechanic,full
323311,Engraver,332332,Engraver,full
323312,Gunsmith,332333,Gunsmith,full
323313,Locksmith,332334,Locksmith,full
323314,Precision Instrument Maker and Repairer,332335,Precision Instrument Maker and Repairer,full
323315,Saw Doctor,332336,Saw Technician,full
323316,Watch and Clock Maker and Repairer,332338,Watch and Clock Maker and Repairer,full
323411,Engineering Patternmaker,332331,Engineering Patternmaker,full
323412,Toolmaker,332337,Toolmaker,full
324111,Panelbeater,351331,Panelbeater,full
324211,Vehicle Body Builder,351531,Vehicle Body Builder,full
324212,Vehicle Trimmer,351532,Vehicle Trimmer,full
324311,Vehicle Painter,351631,Vehicle Painter,full
331111,Bricklayer,371131,Bricklayer,full
331112,Stonemason,371132,Stonemason,full
331211,Carpenter and Joiner,369931,Shopfitter,full
331211,Carpenter and Joiner,372131,Carpenter and Joiner,full
331212,Carpenter,372132,Carpenter,full
331213,Joiner,372133,Joiner,full
332111,Floor Finisher,361131,Floor Finisher,partial
332211,Painting Trades Worker,361231,Painter,full
333111,Glazier,362131,Glazier,full
333211,Fibrous Plasterer,362231,Plasterer (Wall and Ceiling),full
333212,Solid Plasterer,362232,Renderer (Solid Plaster),full
333311,Roof Tiler,362331,Roof Tiler,full
333411,Wall and Floor Tiler,362431,Wall and Floor Tiler,full
334111,Plumber (General),363131,Plumber (General),full
334111,Plumber (General),363932,Fire Protection Plumber,full
334112,Airconditioning and Mechanical Services Plumber,363933,Mechanical Services Plumber,full
334113,Drainer / Drainlayer,363931,Drainer,full
334114,Gasfitter,363231,Gasfitter,full
334114,Gasfitter,399934,Gas Network Technician,full
334115,Roof Plumber,363331,Roof Plumber,full
341111,Electrician (General),381231,Electrician (General),partial
341111,Electrician (General),381232,Electrical Fitter,full
341111,Electrician (General),381233,Industrial Electrician,full
341112,Electrician (Special Class),381231,Electrician (General),partial
341113,Lift Mechanic,381234,Lift Mechanic,full
342111,Airconditioning and Refrigeration Mechanic,382131,Air Conditioning and Refrigeration Technician,full
342211,Electrical Linesworker / Electrical Line Mechanic,381131,Electrical Distribution Trades Worker,partial
342212,Technical Cable Jointer,381131,Electrical Distribution Trades Worker,partial
342311,Business Machine Mechanic,382234,Office Equipment Technician,full
342312,Communications Operator,382231,Communications Operator,full
342313,Electronic Equipment Trades Worker,382232,Electronic Equipment Trades Worker,full
342314,Electronic Instrument Trades Worker (General),382233,Electronic Instrument Technician,partial
342315,Electronic Instrument Trades Worker (Special Class),382233,Electronic Instrument Technician,partial
342411,Cabler (Data and Telecommunications),382331,Cabler (Data and Telecommunications),full
342412,Telecommunications Cable Jointer,382332,Telecommunications Cable Technician,full
342413,Telecommunications Linesworker / Telecommunications Line Mechanic,382333,Telecommunications Linesworker,full
342414,Telecommunications Technician,382334,Telecommunications Technician,full
351111,Baker,322131,Baker,full
351112,Pastrycook,322431,Pastrycook,full
351211,Butcher or Smallgoods Maker,322231,Butcher or Smallgoods Maker,full
351311,Chef,161631,Senior Chef,full
351311,Chef,321131,Chef,full
351411,Cook,322331,Cook,full
361111,Dog Handler or Trainer,341131,Dog Handler or Trainer,full
361112,Horse Trainer,341132,Horse Trainer,full
361113,Pet Groomer,461433,Pet Groomer,full
361114,Zookeeper,341134,Zookeeper,full
361115,Kennel Hand,461432,Domestic Animal Attendant,partial
361199,Animal Attendants and Trainers nec,341199,Animal Trainers and Zookeepers nec,full
361199,Animal Attendants and Trainers nec,461432,Domestic Animal Attendant,partial
361199,Animal Attendants and Trainers nec,461499,Domestic Animal Care Workers nec,full
361211,Shearer,343331,Shearer,full
361311,Veterinary Nurse,341231,Veterinary Nurse,full
362111,Florist,342331,Florist,full
362211,Gardener (General),342131,Gardener (General),full
362212,Arborist,342231,Arborist,full
362212,Arborist,342232,Tree Worker,full
362213,Landscape Gardener,342431,Irrigation Technician,full
362213,Landscape Gardener,342432,Landscape Gardener,full
362311,Greenkeeper,342531,Sports Turf Manager,full
362311,Greenkeeper,342532,Sports Turf Trades Worker,full
362411,Nurseryperson,342931,Nurseryperson,full
391111,Hairdresser,392131,Barber,full
391111,Hairdresser,392132,Hairdresser,full
392111,Print Finisher,391432,Print Finisher,partial
392112,Screen Printer,391434,Screen Printer,full
392211,Graphic Pre-press Trades Worker,391431,Graphic Pre-press Operator,full
392311,Printing Machinist,391433,Printing Machinist,partial
392312,Small Offset Printer,391433,Printing Machinist,partial
393111,Canvas Goods Fabricator,399432,Canvas Goods Fabricator,full
393112,Leather Goods Maker,399435,Leather Goods Maker,full
393113,Sail Maker,399436,Sail Maker,full
393114,Shoemaker,399437,Shoemaker,full
393211,Apparel Cutter,399431,Apparel Cutter,full
393212,Clothing Patternmaker,399434,Garment Technician,partial
393213,Dressmaker or Tailor,399433,Dressmaker or Tailor,partial
393299,Clothing Trades Workers nec,399433,Dressmaker or Tailor,partial
393299,Clothing Trades Workers nec,399434,Garment Technician,partial
393311,Upholsterer,399438,Upholsterer,full
394111,Cabinetmaker,369131,Cabinet Maker,full
394111,Cabinetmaker,399532,Furniture Maker,full
394211,Furniture Finisher,399531,Furniture Finisher,full
394212,Picture Framer,399533,Picture Framer,full
394213,Wood Machinist,399534,Wood Machinist,partial
394214,Wood Turner,399534,Wood Machinist,partial
394299,Wood Machinists and Other Wood Trades Workers nec,399599,Wood Machinists and Other Wood Trades Workers nec,full
399111,Boat Builder and Repairer,399931,Boat Builder and Repairer,partial
399112,Shipwright,399938,Shipwright,full
399211,Chemical Plant Operator,399131,Chemical Plant Operator,full
399212,Gas or Petroleum Operator,399132,Gas or Petroleum Production Technician,full
399213,Power Generation Plant Operator,399133,Power Generation Plant Operator,full
399311,Gallery or Museum Technician,391131,Gallery or Museum Technician,full
399312,Library Technician,391132,Library Technician,full
399411,Jeweller,391932,Jeweller,full
399511,Broadcast Transmitter Operator,391232,Broadcast Technician,full
399512,"Camera Operator (Film, Television or Video)",391233,"Camera Operator (Film, Television or Video)",full
399513,Light Technician,391234,Lighting Technician,full
399514,Make Up Artist,461232,Make-up Artist,full
399515,Musical Instrument Maker or Repairer,391933,Musical Instrument Maker or Repairer,full
399516,Sound Technician,391231,Audio Engineer,full
399517,Television Equipment Operator,391299,Performing Arts Technicians nec,partial
399599,Performing Arts Technicians nec,391299,Performing Arts Technicians nec,partial
399611,Signwriter,391531,Signwriter,full
399911,Diver,399932,Diver,full
399912,Interior Decorator,391931,Interior Decorator,full
399913,Optical Dispenser / Dispensing Optician,442431,Optical Dispenser,full
399914,Optical Mechanic,399935,Optical Mechanic,full
399915,Photographer's Assistant,461936,Photographer's Assistant,full
399916,Plastics Technician,399936,Plastics Technician,full
399917,Wool Classer,343332,Wool Classer,full
399918,Fire Protection Equipment Technician,399933,Fire Protection Equipment Technician,full
399999,Technicians and Trades Workers nec,399931,Boat Builder and Repairer,partial
399999,Technicians and Trades Workers nec,399999,Technicians and Trades Workers nec,full
411111,Ambulance Officer,269432,Paramedic,full
411111,Ambulance Officer,442931,Patient Transport Officer,full
411112,Intensive Care Ambulance Paramedic (Aus) / Ambulance Paramedic (NZ),269431,Critical Care Paramedic,full
411211,Dental Hygienist,269131,Dental Hygienist,full
411212,Dental Prosthetist,269132,Dental Prosthetist,full
411213,Dental Technician,311232,Dental Technician,full
411214,Dental Therapist,269133,Oral Health Therapist or Dental Therapist,full
411311,Diversional Therapist,411331,Diversional Therapist,full
411311,Diversional Therapist,411332,Lifestyle Coordinator,full
411311,Diversional Therapist,411333,Lifestyle Officer,full
411411,Enrolled Nurse,441131,Enrolled Nurse,partial
411412,Mothercraft Nurse,441131,Enrolled Nurse,partial
411511,Aboriginal and Torres Strait Islander Health Worker,441931,Aboriginal and Torres Strait Islander Health Practitioner,full
411511,Aboriginal and Torres Strait Islander Health Worker,441932,Aboriginal and Torres Strait Islander Health Worker,full
411512,Kaiāwhina (Hauora) (Māori Health Assistant),411232,Community Support Worker,partial
411611,Massage Therapist,441231,Massage Therapist,full
411611,Massage Therapist,441232,Myotherapist,full
411611,Massage Therapist,441233,Remedial Massage Therapist,full
411711,Community Worker,411231,Community Development Officer,full
411711,Community Worker,411232,Community Support Worker,partial
411711,Community Worker,411634,Housing Officer,full
411711,Community Worker,411933,Volunteer Coordinator,full
411711,Community Worker,421131,Aged Care Coordinator,full
411711,Community Worker,431231,Family Day Care Coordinator,partial
411712,Disabilities Services Officer,411431,Employment Consultant,partial
411712,Disabilities Services Officer,422131,Disability Services Officer,full
411713,Family Support Worker,411632,Family Support Worker,full
411714,Parole or Probation Officer,411631,Community Corrections Officer,full
411715,Residential Care Officer,411731,Residential Youth Worker,partial
411715,Residential Care Officer,422132,Residential Care Officer,full
411716,Youth Worker,411732,Youth Justice Worker,full
411716,Youth Worker,411733,Youth Worker,full
421111,Child Care Worker,431131,Early Childhood Education Room Leader,full
421111,Child Care Worker,431132,Early Childhood Educator,partial
421112,Family Day Care Worker,431231,Family Day Care Coordinator,partial
421112,Family Day Care Worker,431232,Family Day Care Educator,full
421113,Nanny,431331,Nanny,full
421114,Out of School Hours Care Worker,431431,Out of School Hours Care Educator,full
422111,Aboriginal and Torres Strait Islander Education Worker,432931,Aboriginal and Torres Strait Islander Education Officer,full
422112,Integration Aide,432131,Inclusion Support Assistant,full
422113,Kaiāwhina Kohanga Reo (Māori Language Nest Assistant),432231,Teaching Assistant,partial
422114,Kaiāwhina Kura Kaupapa Māori (Māori-medium School Assistant),432231,Teaching Assistant,partial
422115,Preschool Aide,431132,Early Childhood Educator,partial
422116,Teachers' Aide,432231,Teaching Assistant,partial
423111,Aged or Disabled Carer,421132,Aged Care Team Leader,full
423111,Aged or Disabled Carer,421231,Community Aged Care Support Worker,full
423111,Aged or Disabled Carer,422231,Disability Support Worker,full
423111,Aged or Disabled Carer,422232,Disability Team Leader,full
423211,Dental Assistant,442331,Dental Assistant,full
423311,Hospital Orderly,442532,Patient Services Assistant,full
423312,Nursing Support Worker,442231,Assistant in Nursing,full
423313,Personal Care Assistant,421331,Residential Aged Care Worker,full
423313,Personal Care Assistant,442531,Patient Care Assistant,full
423314,Therapy Aide,442131,Allied Health Assistant,full
423411,Child or Youth Residential Care Assistant,411731,Residential Youth Worker,partial
423412,Hostel Parent,432932,Boarding Supervisor,full
423413,Refuge Worker,411635,Refuge Worker,full
431111,Bar Attendant,471131,Bar Attendant,full
431111,Bar Attendant,471531,Bar Supervisor,full
431112,Barista,471231,Barista,full
431211,Cafe Worker,471331,Cafe Worker,full
431211,Cafe Worker,471532,Cafe or Restaurant Supervisor,partial
431311,Gaming Worker,161531,Licensed Club Manager,partial
431311,Gaming Worker,471432,Gaming Dealer or Croupier,full
431311,Gaming Worker,471534,Gaming Supervisor,full
431411,Hotel Service Manager,161131,Accommodation Service Manager,full
431411,Hotel Service Manager,471533,Front Office Supervisor (Accommodation),full
431411,Hotel Service Manager,471535,Housekeeping Supervisor,full
431511,Waiter,471532,Cafe or Restaurant Supervisor,partial
431511,Waiter,471631,Sommelier,full
431511,Waiter,471632,Waiter,full
431911,Bar Useful or Busser,471931,Bar Useful,full
431912,Doorperson or Luggage Porter,471932,Doorperson or Porter,full
431999,Hospitality Workers nec,471999,Hospitality Workers nec,full
441111,Defence Force Member - Other Ranks,451131,Defence Force Member - Other Ranks,full
441211,Emergency Service Worker,451231,Emergency Services Officer,full
441212,Fire Fighter,451232,Firefighter,full
441311,Detective,299231,Specialist Police Officer,partial
441312,Police Officer,299231,Specialist Police Officer,partial
441312,Police Officer,451331,General Duties Police Officer,full
442111,Prison Officer,452131,Correctional Officer,full
442211,"Alarm, Security or Surveillance Monitor",452231,"Alarm, Security or Surveillance Monitor",full
442212,Armoured Car Escort,452232,Cash In Transit Officer,full
442213,Crowd Controller,452233,Crowd Controller,full
442214,Private Investigator,452234,Private Investigator,full
442215,Retail Loss Prevention Officer,452236,Retail Loss Prevention Officer,full
442216,Security Consultant,452237,Security Consultant,partial
442217,Security Officer,452235,Protective Services Officer,full
442217,Security Officer,452238,Security Officer,full
442217,Security Officer,452241,Security Screening Officer,full
442299,Security Officers and Guards nec,452237,Security Consultant,partial
451111,Beauty Therapist,461131,Beauty Therapist,full
451111,Beauty Therapist,461132,Dermal Therapist,full
451211,Driving Instructor,461531,Driving Instructor,full
451311,Funeral Director,461332,Funeral Director,full
451399,Funeral Workers nec,461333,Funeral Worker,partial
451411,Gallery or Museum Guide,461631,Gallery or Museum Guide,full
451412,Tour Guide,461632,Tour Guide,full
451511,Natural Remedy Consultant,461935,Natural Remedy Consultant,full
451512,Weight Loss Consultant,461941,Weight Loss Consultant,full
451513,Herbalist (Western),269999,Health Professionals nec,partial
451611,Tourist Information Officer,461633,Tourist Information Officer,full
451612,Travel Consultant,461831,Travel Consultant,full
451711,Flight Attendant,461731,Flight Attendant,full
451799,Travel Attendants nec,461799,Travel Attendants nec,full
451811,Civil Celebrant,461331,Civil Celebrant,full
451812,Hair or Beauty Salon Assistant,461934,Hair or Beauty Salon Assistant,full
451813,Sex Worker or Escort,461938,Sex Worker or Escort,full
451814,Body Artist,461231,Body Artist,full
451815,First Aid Trainer,461933,First Aid Trainer,full
451816,Religious Assistant,461937,Religious Assistant,full
451899,Personal Service Workers nec,442999,Patient and Health Care Assistants nec,full
451899,Personal Service Workers nec,461431,Dog Walker,full
451899,Personal Service Workers nec,461999,Personal Service and Travel Workers nec,full
452111,Fitness Instructor,462131,Fitness Instructor (General),full
452111,Fitness Instructor,462231,Pilates Instructor,full
452111,Fitness Instructor,462232,Yoga Teacher,full
452211,Bungy Jump Master,462438,Outdoor Adventure Leader or Guide,partial
452212,Fishing Guide,462438,Outdoor Adventure Leader or Guide,partial
452213,Hunting Guide,462438,Outdoor Adventure Leader or Guide,partial
452214,Mountain or Glacier Guide,462438,Outdoor Adventure Leader or Guide,partial
452215,Outdoor Adventure Instructor,462438,Outdoor Adventure Leader or Guide,partial
452216,Trekking Guide,462438,Outdoor Adventure Leader or Guide,partial
452217,Whitewater Rafting Guide,462438,Outdoor Adventure Leader or Guide,partial
452299,Outdoor Adventure Guides nec,462438,Outdoor Adventure Leader or Guide,partial
452311,Diving Instructor (Open Water),462432,Diving Instructor (Open Water),full
452312,Gymnastics Coach or Instructor,462434,Gymnastics Coach or Instructor,full
452313,Horse Riding Coach or Instructor,462435,Horse Riding Coach or Instructor,full
452314,Snowsport Instructor,462441,Snowsport Instructor,full
452315,Swimming Coach or Instructor,462442,Swimming Instructor or Coach,full
452316,Tennis Coach,462443,Tennis Coach,full
452317,Other Sports Coach or Instructor,462431,Basketball Coach,full
452317,Other Sports Coach or Instructor,462433,Football Coach,full
452317,Other Sports Coach or Instructor,462436,Martial Arts Instructor,full
452317,Other Sports Coach or Instructor,462437,Netball Coach,full
452317,Other Sports Coach or Instructor,462499,Sports Coaches and Outdoor Adventure Guides nec,full
452318,Dog and Horse Racing Official,462531,Dog and Horse Racing Official,full
452321,Sports Development Officer,411932,Sports Development Officer,full
452322,Sports Umpire,462532,Sports Umpire,full
452323,Other Sports Official,462599,Sports Officials and Umpires nec,full
452411,Footballer,462631,Footballer,full
452412,Golfer,462632,Golfer,full
452413,Jockey,462633,Jockey,full
452414,Lifeguard,462331,Lifeguard,full
452499,Sportspersons nec,462399,Sport and Recreation Safety Patrollers nec,full
452499,Sportspersons nec,462699,Sportspersons nec,full
511111,Contract Administrator,511131,Contract Administrator,full
511112,Program or Project Administrator,511231,Program or Project Administrator,full
512111,Office Manager,171231,Office Manager,full
512211,Health Practice Manager,171331,Health Practice Manager,full
512299,Practice Managers nec,171332,Legal Practice Manager,full
512299,Practice Managers nec,171333,Veterinary Practice Manager,full
512299,Practice Managers nec,171399,Practice Managers nec,full
521111,Personal Assistant,522231,Executive Assistant,full
521211,Secretary (General),522131,Secretary (General),full
521212,Legal Secretary,521235,Legal Secretary,full
531111,General Clerk,561131,General Clerk,full
532111,Data Entry Operator,561231,Data Entry Operator,full
532112,Machine Shorthand Reporter,561232,Machine Shorthand Reporter,full
532113,Word Processing Operator,561233,Word Processing Operator,full
541111,Call or Contact Centre Team Leader,551132,Call or Contact Centre Team Leader,full
541112,Call or Contact Centre Operator,551131,Call or Contact Centre Operator,full
541211,Information Officer,551231,Information Officer,full
542111,Receptionist (General),553131,Receptionist (General),full
542112,Admissions Clerk,552231,Ward Clerk,full
542113,Hotel or Motel Receptionist,553231,Hotel or Motel Receptionist,full
542114,Medical Receptionist,552131,Medical Receptionist,full
551111,Accounts Clerk,541131,Accounts Clerk,full
551112,Cost Clerk,541231,Estimator,full
551211,Bookkeeper,542131,Bookkeeper,full
551311,Payroll Clerk,171232,Payroll Manager,full
551311,Payroll Clerk,541331,Payroll Officer,full
552111,Bank Worker,531131,Bank Officer,full
552211,Credit or Loans Officer (Aus) / Finance Clerk (NZ),531231,Credit or Loans Officer,full
552311,Bookmaker,549132,Bookmaker,full
552312,Insurance Consultant,531431,Insurance Consultant,full
552313,Money Market Clerk,531931,Investment Administrator,full
552313,Money Market Clerk,531932,Paraplanner,full
552314,Statistical Clerk,599999,Clerical and Administrative Workers nec,partial
561111,Betting Agency Counter Clerk,549131,Betting Clerk,partial
561112,Bookmaker's Clerk,549131,Betting Clerk,partial
561113,Telephone Betting Clerk,549131,Betting Clerk,partial
561199,Betting Clerks nec,549131,Betting Clerk,partial
561211,Courier,712231,Delivery Person,partial
561212,Postal Delivery Officer,712232,Postal Delivery Officer,partial
561311,Filing or Registry Clerk,599131,Filing or Registry Clerk,full
561411,Mail Clerk,599331,Mail Clerk,full
561412,Postal Sorting Officer,599332,Postal Sorting Officer,full
561511,Survey Interviewer,599938,Survey Interviewer,full
561611,Switchboard Operator,551232,Switchboard Operator,full
561911,Classified Advertising Clerk,599999,Clerical and Administrative Workers nec,partial
561912,Meter Reader,591135,Meter Reader,full
561913,Parking Inspector,591137,Parking Officer,full
561999,Clerical and Office Support Workers nec,599999,Clerical and Administrative Workers nec,partial
591112,Production Clerk,571131,Logistics Officer,partial
591112,Production Clerk,571932,Production Coordinator (Logistics),full
591113,Purchasing Officer,571331,Procurement Officer,full
591113,Purchasing Officer,571332,Purchasing Officer,full
591115,Stock Clerk,571431,Stock Clerk,full
591116,Warehouse Administrator,571531,Warehouse Administrator,full
591117,Order Clerk,571231,Order Clerk,full
591211,Despatching and Receiving Clerk,571131,Logistics Officer,partial
591212,Import-Export Clerk,571931,Freight Forwarder,full
591212,Import-Export Clerk,599932,Customs Broker,full
599111,Conveyancer,521131,Conveyancer,full
599112,Legal Executive,521234,Law Clerk,partial
599211,Clerk of Court,521231,Clerk of Court,full
599212,Court Bailiff or Sheriff (Aus) / Court Collections Officer (NZ),521232,Court Bailiff or Sheriff,full
599213,Court Orderly (Aus) / Court Registry Officer (NZ),521233,Court Orderly,full
599214,Law Clerk,281234,Judge's Associate,full
599214,Law Clerk,521234,Law Clerk,partial
599215,Trust Officer,521236,Trust Officer,full
599311,Debt Collector,549133,Debt Collector,full
599411,Human Resource Clerk,599231,Human Resources Administration Assistant,full
599411,Human Resource Clerk,599232,Rostering Officer,full
599511,Customs Officer,451931,Border Enforcement Operations Officer,partial
599512,Immigration Officer,451931,Border Enforcement Operations Officer,partial
599512,Immigration Officer,591233,Visa and Citizenship Processing Officer,full
599513,Motor Vehicle Licence Examiner,591136,Motor Vehicle Licence Examiner,full
599514,Noxious Weeds and Pest Inspector,591134,"Invasive Pest, Weed and Disease Inspector",full
599515,Social Security Assessor,591231,Social Security Assessor,full
599516,Taxation Inspector,591232,Taxation Compliance Officer,full
599517,Train Examiner,591999,Inspectors and Regulatory Officers nec,partial
599518,Transport Operations Inspector,591999,Inspectors and Regulatory Officers nec,partial
599521,Water Inspector,591141,Water Inspector,full
599599,Inspectors and Regulatory Officers nec,591131,Aerodrome Reporting Officer,full
599599,Inspectors and Regulatory Officers nec,591132,Council Ranger,full
599599,Inspectors and Regulatory Officers nec,591133,Electrical Asset Inspector,full
599599,Inspectors and Regulatory Officers nec,591138,Transport Revenue Officer,full
599599,Inspectors and Regulatory Officers nec,591999,Inspectors and Regulatory Officers nec,partial
599611,Insurance Investigator,531531,Insurance Investigator,full
599612,Insurance Loss Adjuster,531532,Insurance Loss Adjuster,full
599613,Insurance Risk Surveyor,531533,Insurance Risk Surveyor,full
599711,Library Assistant,599132,Library Assistant,full
599912,"Production Assistant (Film, Television, Radio or Stage)",599934,"Production Assistant (Audio, Screen or Live Performance)",full
599912,"Production Assistant (Film, Television, Radio or Stage)",599935,"Production Coordinator (Audio, Screen or Live Performance)",full
599913,Proof Reader,231333,Print or Digital Content Editor,partial
599914,Radio Despatcher,599936,Radio Dispatcher,full
599915,Clinical Coder,599931,Clinical Coder,full
599916,Facilities Administrator,599933,Facilities Administrator,full
599999,Clerical and Administrative Workers nec,599999,Clerical and Administrative Workers nec,partial
599999,Clerical and Administrative Workers nec,619131,Marketing Assistant,full
611111,Auctioneer,622231,Auctioneer,full
611112,Stock and Station Agent,622234,Stock and Station Agent,full
611211,Insurance Agent,621131,Insurance Agent,full
611311,Sales Representative (Building and Plumbing Supplies),621231,Sales Representative (Building and Plumbing Supplies),full
611312,Sales Representative (Business Services),621232,Sales Representative (Business Services),full
611313,Sales Representative (Motor Vehicle Parts and Accessories),621233,Sales Representative (Motor Vehicle Parts and Accessories),full
611314,Sales Representative (Personal and Household Goods),621234,Sales Representative (Personal and Household Goods),full
611399,Sales Representatives nec,621299,Sales Representatives nec,full
612111,Business Broker,531331,Business Broker,full
612112,Property Manager,599937,Strata Manager,full
612112,Property Manager,622131,Property Manager,full
612113,Real Estate Agency Principal / Real Estate Agency Licensee,171431,Real Estate Agency Principal,full
612114,Real Estate Agent,622232,Real Estate Agent,full
612115,Real Estate Representative,622233,Real Estate Representative,full
621111,Sales Assistant (General),631131,Sales Assistant (General),full
621211,ICT Sales Assistant,631331,ICT Sales Assistant,full
621311,Motor Vehicle or Caravan Salesperson,631431,Motor Vehicle or Caravan Salesperson,full
621312,Motor Vehicle Parts Interpreter / Automotive Parts Salesperson,631432,Motor Vehicle Parts Interpreter,full
621411,Pharmacy Sales Assistant,631231,Community Pharmacy Sales Assistant,full
621511,Retail Supervisor,471532,Cafe or Restaurant Supervisor,partial
621511,Retail Supervisor,631531,Retail Supervisor,full
621611,Service Station Attendant,631631,Service Station Attendant,partial
621711,Cash Van Salesperson,631934,Street Vendor,partial
621712,Door-to-door Salesperson,631931,Door-to-door Salesperson,full
621713,Street Vendor,631934,Street Vendor,partial
621911,Materials Recycler,631932,Materials Recycler,full
621912,Rental Salesperson,631933,Rental Salesperson,full
621999,Sales Assistants and Salespersons nec,631999,Sales Assistants and Salespersons nec,full
631111,Checkout Operator,471431,Gaming Attendant,partial
631111,Checkout Operator,611131,Checkout Operator,partial
631111,Checkout Operator,631631,Service Station Attendant,partial
631112,Office Cashier,471431,Gaming Attendant,partial
631112,Office Cashier,599999,Clerical and Administrative Workers nec,partial
631112,Office Cashier,611131,Checkout Operator,partial
639111,Model,619132,Model,full
639112,Sales Demonstrator,619133,Sales Demonstrator,full
639211,Retail Buyer,619932,Merchandise Planner,full
639211,Retail Buyer,619935,Retail Buyer,full
639212,Wool Buyer,619999,Sales Support Workers nec,partial
639311,Telemarketer,619134,Telemarketer,full
639411,Ticket Seller,461931,Airline Customer Support Worker,full
639411,Ticket Seller,619931,Entertainment Venue Attendant,partial
639411,Ticket Seller,619934,Reservations Agent,full
639411,Ticket Seller,899532,Railways Assistant,partial
639412,Transport Conductor,619999,Sales Support Workers nec,partial
639412,Transport Conductor,899531,Rail Guard or Conductor,partial
639511,Visual Merchandiser,461932,Fashion Stylist,full
639511,Visual Merchandiser,619135,Visual Merchandiser,full
639911,Other Sales Support Worker,619933,Personal Shopper,full
639911,Other Sales Support Worker,619999,Sales Support Workers nec,partial
711111,Clay Products Machine Operator,731932,Clay Products Machine Operator,full
711112,Concrete Products Machine Operator,731933,Concrete Products Machine Operator,full
711113,Glass Production Machine Operator,731935,Glass Production Machine Operator,full
711114,Stone Processing Machine Operator,731938,Stone Processing Machine Operator,full
711199,"Clay, Concrete, Glass and Stone Processing Machine Operators nec",731999,Machine Operators nec,partial
711211,Industrial Spraypainter,731131,Industrial Spray Painter,full
711311,Paper Products Machine Operator,731231,Paper and Pulp Production Operator,partial
711313,Sawmilling Operator,731232,Timber and Wood Production Operator,partial
711314,Other Wood Processing Machine Operator,731232,Timber and Wood Production Operator,partial
711411,Photographic Developer and Printer,731936,Photographic Print Processor,full
711511,Plastic Cablemaking Machine Operator,731332,Plastics Production Machine Operator,partial
711512,Plastic Compounding and Reclamation Machine Operator,731332,Plastics Production Machine Operator,partial
711513,Plastics Fabricator or Welder,731331,Plastics Fabricator or Welder,full
711514,Plastics Production Machine Operator (General),731332,Plastics Production Machine Operator,partial
711515,Reinforced Plastic and Composite Production Worker,731333,Reinforced Plastic and Composite Production Worker,full
711516,Rubber Production Machine Operator,731334,Rubber Production Machine Operator,full
711599,Plastics and Rubber Production Machine Operators nec,731399,Plastics and Rubber Production Machine Operators nec,full
711611,Sewing Machinist,731431,Sewing Machinist,full
711711,Footwear Production Machine Operator,731432,Textile or Footwear Production Machine Operator,partial
711712,Hide and Skin Processing Machine Operator,731432,Textile or Footwear Production Machine Operator,partial
711713,Knitting Machine Operator,731432,Textile or Footwear Production Machine Operator,partial
711714,Textile Dyeing and Finishing Machine Operator,731432,Textile or Footwear Production Machine Operator,partial
711715,Weaving Machine Operator,731432,Textile or Footwear Production Machine Operator,partial
711716,Yarn Carding and Spinning Machine Operator,731432,Textile or Footwear Production Machine Operator,partial
711799,Textile and Footwear Production Machine Operators nec,731432,Textile or Footwear Production Machine Operator,partial
711911,Chemical Production Machine Operator,731931,Chemical Production Machine Operator,full
711912,Motion Picture Projectionist,731999,Machine Operators nec,partial
711913,Sand Blaster,731132,Sandblaster,full
711914,Sterilisation Technician,731937,Sterilisation Technician,full
711999,Machine Operators nec,731999,Machine Operators nec,partial
712111,"Crane, Hoist or Lift Operator",732131,"Crane, Hoist or Lift Operator",full
712211,Driller,399231,Driller,full
712212,Miner,732331,Miner,full
712213,Shot Firer,732332,Shot Firer,full
712311,Engineering Production Worker,732231,Engineering Production Worker,full
712911,Boiler or Engine Operator,732931,Boiler or Engine Operator,full
712912,Bulk Materials Handling Plant Operator,732932,Bulk Materials Handling Plant Operator,full
712913,Cement Production Plant Operator,731934,Crushing Machine Operator,partial
712913,Cement Production Plant Operator,732999,Stationary Plant Operators nec,partial
712914,Concrete Batching Plant Operator,732933,Concrete Batching Plant Operator,full
712915,Concrete Pump Operator,732934,Concrete Pump Operator,full
712916,Paper and Pulp Mill Operator,731231,Paper and Pulp Production Operator,partial
712917,Railway Signal Operator,732935,Railway Signal Operator,full
712917,Railway Signal Operator,741934,Railway Shunter,full
712918,Train Controller,399937,Railway Network Controller,full
712921,Waste Water or Water Plant Operator,732431,Wastewater or Water Plant Operator,full
712922,Weighbridge Operator,732936,Weighbridge Operator,full
712999,Stationary Plant Operators nec,731232,Timber and Wood Production Operator,partial
712999,Stationary Plant Operators nec,731934,Crushing Machine Operator,partial
712999,Stationary Plant Operators nec,732999,Stationary Plant Operators nec,partial
721111,Agricultural and Horticultural Mobile Plant Operator,741131,Agricultural and Horticultural Mobile Plant Operator,full
721112,Logging Plant Operator,741132,Logging Plant Operator,partial
721211,Earthmoving Plant Operator (General),312431,Civil Construction Leading Hand,partial
721211,Earthmoving Plant Operator (General),741231,Earthmoving Plant Operator (General),full
721212,Backhoe Operator,741232,Backhoe Operator,full
721213,Bulldozer Operator,741233,Bulldozer Operator,full
721214,Excavator Operator,741234,Excavator Operator,full
721215,Grader Operator,741235,Grader Operator,full
721216,Loader Operator,741236,Loader Operator,full
721311,Forklift Driver,741331,Forklift Driver,full
721911,Aircraft Baggage Handler and Airline Ground Crew,741931,Aircraft Baggage Handler and Ground Crew,full
721912,Linemarker,741933,Linemarker,full
721913,Paving Plant Operator,741999,Mobile Plant Operators nec,partial
721914,Railway Track Plant Operator,741935,Railway Track Plant Operator,full
721915,Road Roller Operator,741936,Road Roller Operator,full
721916,Streetsweeper Operator,741938,Streetsweeper Operator,full
721999,Mobile Plant Operators nec,741237,Tunnel Constructor,full
721999,Mobile Plant Operators nec,741937,Stevedore,partial
721999,Mobile Plant Operators nec,741999,Mobile Plant Operators nec,partial
731111,Chauffeur,711131,Chauffeur,full
731112,Taxi Driver,711134,Taxi Driver,full
731199,Automobile Drivers nec,461333,Funeral Worker,partial
731199,Automobile Drivers nec,711132,Oversize Load Pilot Escort,full
731199,Automobile Drivers nec,711133,Rideshare Driver,full
731199,Automobile Drivers nec,711199,Automobile Drivers nec,full
731211,Bus Driver,711231,Bus Driver,full
731212,Charter and Tour Bus Driver,711232,Charter and Tour Bus Driver,full
731213,Passenger Coach Driver,711233,Passenger Coach Driver,full
731311,Train Driver,711331,Freight Train Driver,full
731311,Train Driver,711332,Passenger Train Driver,full
731312,Tram Driver,711333,Tram Driver,full
732111,Delivery Driver,712231,Delivery Person,partial
732111,Delivery Driver,712232,Postal Delivery Officer,partial
733111,Truck Driver (General),713131,Truck Driver (General),full
733111,Truck Driver (General),713231,Articulated Truck Driver,full
733112,Aircraft Refueller,741932,Aircraft Refueller,full
733112,Aircraft Refueller,741999,Mobile Plant Operators nec,partial
733113,Furniture Removalist,712131,Furniture Removalist,full
733114,Tanker Driver,713232,Tanker Truck Driver,full
733115,Tow Truck Driver,713132,Tow Truck Driver,full
741111,Storeperson,721131,Storeperson,full
741111,Storeperson,721132,Warehouse Supervisor,full
811111,Car Detailer,811531,Vehicle Detailer,full
811211,Commercial Cleaner,811131,Commercial Cleaner,full
811311,Domestic Cleaner,811231,Domestic Cleaner,full
811411,Commercial Housekeeper,811431,Commercial Housekeeper,full
811412,Domestic Housekeeper,811432,Domestic Housekeeper,full
811511,Laundry Worker (General),811332,Laundry Worker,partial
811512,Drycleaner,811331,Drycleaner,full
811513,Ironer or Presser,811332,Laundry Worker,partial
811611,Carpet Cleaner,811931,Carpet Cleaner,full
811612,Window Cleaner,811933,Window Cleaner,full
811699,Cleaners nec,811932,Roof Gutter Cleaner,full
811699,Cleaners nec,811999,Cleaners and Laundry Workers nec,full
811699,Cleaners nec,899937,Swimming Pool or Spa Technician,partial
821111,Builder's Labourer,821131,Asbestos Removalist,full
821111,Builder's Labourer,821132,Builder's Labourer,full
821111,Builder's Labourer,821134,Demolition Labourer,full
821111,Builder's Labourer,821632,Pipe Layer,full
821112,"Drainage, Sewerage and Stormwater Labourer",821631,"Drainage, Sewerage and Stormwater Labourer",full
821113,Earthmoving Labourer,821135,Earthmoving Labourer,full
821114,Plumber's Assistant,821633,Plumber's Assistant,full
821211,Concreter,361131,Floor Finisher,partial
821211,Concreter,371231,Concreter,full
821211,Concreter,821133,Concreter's Labourer,full
821311,Fencer,821331,Fencer,full
821411,Building Insulation Installer,369933,Waterproofer,full
821411,Building Insulation Installer,821431,Building Insulation Installer,full
821412,Home Improvement Installer,369932,Swimming Pool and Spa Builder,full
821412,Home Improvement Installer,821432,Garage Door Installer,full
821412,Home Improvement Installer,821433,Shed Builder,full
821412,Home Improvement Installer,821434,Window Furnishing Installer,full
821412,Home Improvement Installer,821499,Home Improvement and Insulation Installers nec,full
821511,Paving and Surfacing Labourer,821531,Paving and Surfacing Labourer,full
821611,Railway Track Worker,591999,Inspectors and Regulatory Officers nec,partial
821611,Railway Track Worker,821934,Rail Protection Officer,full
821611,Railway Track Worker,821935,Railway Track Worker,full
821711,Construction Rigger,821231,Construction Rigger,full
821712,Scaffolder,821731,Scaffolder,full
821713,Steel Fixer,821732,Steel Fixer,full
821714,Structural Steel Erector,821733,Structural Steel Erector,full
821911,Crane Chaser,821232,Dogger,full
821912,Driller's Assistant,821931,Driller's Offsider,full
821913,Lagger,821932,Lagger,full
821914,Mining Support Worker,821933,Mining Support Worker,full
821915,Surveyor's Assistant,311532,Earth Science Technician,partial
821915,Surveyor's Assistant,821936,Surveyor's Assistant,full
831111,Baking Factory Worker,831131,Baking Factory Worker,full
831112,Brewery Worker,831132,Brewery Worker,full
831113,Confectionery Maker,831134,Confectionery Maker,full
831114,Dairy Products Maker,831135,Dairy Products Factory Worker,partial
831115,Fruit and Vegetable Factory Worker,831136,Fruit and Vegetable Factory Worker,full
831116,Grain Mill Worker,831137,Grain Mill Worker,full
831117,Sugar Mill Worker,831138,Sugar Mill Worker,full
831118,Winery Cellar Hand,831141,Winery Cellar Hand,full
831199,Food and Drink Factory Workers nec,831133,Coffee Roaster,full
831199,Food and Drink Factory Workers nec,831135,Dairy Products Factory Worker,partial
831199,Food and Drink Factory Workers nec,831199,Food and Drink Factory Workers nec,full
831211,Meat Boner and Slicer,831231,Meat Boner and Slicer,full
831212,Slaughterer,831232,Slaughterer,full
831311,Meat Process Worker,831331,Meat Process Worker,full
831312,Poultry Process Worker,831332,Poultry Process Worker,full
831313,Seafood Process Worker,831333,Seafood Process Worker,full
832111,Chocolate Packer,832132,Chocolate Packer,full
832112,Container Filler,832131,Packer (General),partial
832113,Fruit and Vegetable Packer,832133,Fruit and Vegetable Packer,full
832114,Meat Packer,832134,Meat Packer,full
832115,Seafood Packer,832135,Seafood Packer,full
832199,Packers nec,832131,Packer (General),partial
832211,Product Assembler,832231,Product Assembler,full
839111,Metal Engineering Process Worker,839135,Metal Engineering Process Worker,full
839211,Plastics Factory Worker,839137,Plastics Factory Worker,full
839212,Rubber Factory Worker,839199,Materials and Chemical Process Workers nec,partial
839311,Product Examiner,839231,Product Examiner,full
839312,Product Grader,839232,Product Grader,full
839313,Product Tester,839233,Product Tester,full
839411,Paper and Pulp Mill Worker,839136,Paper and Pulp Process Worker,full
839412,Sawmill or Timber Yard Worker,839141,Timber and Wood Process Worker,partial
839413,Wood and Wood Products Factory Worker,839141,Timber and Wood Process Worker,partial
839911,Cement and Concrete Plant Worker,839131,Cement and Concrete Plant Worker,full
839912,Chemical Plant Worker,839132,Chemical Plant Worker,full
839913,Clay Processing Factory Worker,839199,Materials and Chemical Process Workers nec,partial
839914,Fabric and Textile Factory Worker,839133,Fabric and Textile Factory Worker,full
839915,Footwear Factory Worker,839199,Materials and Chemical Process Workers nec,partial
839916,Glass Processing Worker,839134,Glass Processing Worker,full
839917,Hide and Skin Processing Worker,839199,Materials and Chemical Process Workers nec,partial
839918,Recycling Worker,839138,Recycling Worker,full
839999,Factory Process Workers nec,839199,Materials and Chemical Process Workers nec,partial
841111,Aquaculture Worker,343131,Aquaculture Supervisor,partial
841111,Aquaculture Worker,841331,Aquaculture Worker,full
841211,Fruit or Nut Farm Worker,343134,Horticultural Supervisor or Specialist,partial
841211,Fruit or Nut Farm Worker,841132,Fruit Farm Worker,full
841211,Fruit or Nut Farm Worker,841136,Nut Farm Worker,partial
841212,Fruit or Nut Picker,841133,Fruit Picker,partial
841212,Fruit or Nut Picker,841136,Nut Farm Worker,partial
841213,"Grain, Oilseed or Pasture Farm Worker (Aus) / Field Crop Farm Worker (NZ)",343136,Senior Broadacre Crop Farm Worker,partial
841213,"Grain, Oilseed or Pasture Farm Worker (Aus) / Field Crop Farm Worker (NZ)",841134,"Grain, Oilseed, Pulse and Pasture Farm Worker",full
841214,Vegetable Farm Worker (Aus) / Market Garden Worker (NZ),343134,Horticultural Supervisor or Specialist,partial
841214,Vegetable Farm Worker (Aus) / Market Garden Worker (NZ),841138,Vegetable Farm Worker,full
841215,Vegetable Picker,841141,Vegetable Picker,full
841216,Vineyard Worker,343137,Vineyard Supervisor,partial
841216,Vineyard Worker,841133,Fruit Picker,partial
841216,Vineyard Worker,841142,Vineyard Worker,full
841217,Mushroom Picker,841135,Mushroom Picker,full
841299,Crop Farm Workers nec,343199,"Senior Aquaculture, Crop and Forestry Workers nec",partial
841299,Crop Farm Workers nec,841131,Cotton Farm Worker,full
841299,Crop Farm Workers nec,841137,Sugar Cane Farm Worker,full
841299,Crop Farm Workers nec,841199,Crop Farm Workers nec,full
841311,Forestry Worker,343133,Forestry Operations Supervisor,partial
841311,Forestry Worker,842932,Forestry Worker,partial
841312,Logging Assistant,343133,Forestry Operations Supervisor,partial
841312,Logging Assistant,741132,Logging Plant Operator,partial
841312,Logging Assistant,842932,Forestry Worker,partial
841313,Tree Faller,343133,Forestry Operations Supervisor,partial
841313,Tree Faller,741132,Logging Plant Operator,partial
841411,Garden Labourer,842131,Garden Labourer,full
841412,Horticultural Nursery Assistant,842231,Horticultural Nursery Assistant,full
841511,Beef Cattle Farm Worker,343231,Senior Beef Cattle Station Worker,partial
841511,Beef Cattle Farm Worker,841231,Beef Cattle Farm Worker,full
841512,Dairy Cattle Farm Worker,343233,Senior Dairy Cattle Farm Worker,partial
841512,Dairy Cattle Farm Worker,841233,Dairy Cattle Farm Worker,full
841513,Mixed Livestock Farm Worker,343232,Senior Cattle and Sheep Farm Worker,partial
841513,Mixed Livestock Farm Worker,343299,Senior Livestock Farm Workers nec,partial
841513,Mixed Livestock Farm Worker,841232,Cattle and Sheep Farm Worker,full
841513,Mixed Livestock Farm Worker,841299,Livestock Farm Workers nec,partial
841514,Poultry Farm Worker,343299,Senior Livestock Farm Workers nec,partial
841514,Poultry Farm Worker,841236,Poultry Farm Worker,full
841515,Sheep Farm Worker,343236,Senior Sheep Farm Worker,partial
841515,Sheep Farm Worker,841234,Livestock Husbandry Worker,partial
841515,Sheep Farm Worker,841237,Sheep Farm Worker,full
841516,Stablehand,341133,Track Rider,full
841516,Stablehand,841238,Stablehand,full
841517,Wool Handler,841241,Wool Handler,full
841599,Livestock Farm Workers nec,343234,Senior Horse Stable or Stud Worker,partial
841599,Livestock Farm Workers nec,343235,Senior Piggery Stockperson,partial
841599,Livestock Farm Workers nec,841234,Livestock Husbandry Worker,partial
841599,Livestock Farm Workers nec,841235,Piggery Farm Worker,full
841599,Livestock Farm Workers nec,841299,Livestock Farm Workers nec,partial
841611,Mixed Crop and Livestock Farm Worker,343135,Senior Broadacre Crop and Livestock Farm Worker,partial
841611,Mixed Crop and Livestock Farm Worker,343199,"Senior Aquaculture, Crop and Forestry Workers nec",partial
841611,Mixed Crop and Livestock Farm Worker,841332,Broadacre Crop and Livestock Farm Worker,full
841611,Mixed Crop and Livestock Farm Worker,841399,Mixed Production and Aquaculture Farm Workers nec,full
841911,Hunter-Trapper,842999,Garden and Forestry Workers nec,partial
841913,Pest Controller,399331,Pest Control Technician,full
841999,"Farm, Forestry and Garden Workers nec",842931,Bush Regenerator,full
841999,"Farm, Forestry and Garden Workers nec",842933,Irrigation Assistant,full
841999,"Farm, Forestry and Garden Workers nec",842999,Garden and Forestry Workers nec,partial
851111,Fast Food Cook,851131,Fast Food Cook,full
851211,Pastrycook's Assistant,851233,Pastrycook's Assistant,full
851299,Food Trades Assistants nec,851299,Food Preparation Assistants nec,full
851311,Kitchenhand,851231,Kitchenhand (General),full
851311,Kitchenhand,851232,Dishwasher,full
891111,Freight Handler (Rail or Road),891131,Freight Handler (Rail or Road),full
891112,Truck Driver's Offsider,891132,Truck Driver's Offsider,full
891113,Waterside Worker,741937,Stevedore,partial
891211,Shelf Filler,891231,Shelf Filler,full
899111,Caretaker,899131,Caretaker,full
899211,Deck Hand,899231,Deck Hand,full
899212,Fishing Hand,343132,Fishing Leading Hand,full
899212,Fishing Hand,899232,Fishing Hand,full
899311,Handyperson,899331,Handyperson,full
899411,Motor Vehicle Parts and Accessories Fitter (General),899431,Motor Vehicle Parts and Accessories Fitter (General),partial
899412,Autoglazier,899432,Autoglazier,full
899413,Exhaust and Muffler Repairer,899431,Motor Vehicle Parts and Accessories Fitter (General),partial
899414,Radiator Repairer,899431,Motor Vehicle Parts and Accessories Fitter (General),partial
899415,Tyre Fitter,899434,Tyre Fitter,full
899511,Printer's Assistant,391433,Printing Machinist,partial
899512,Printing Table Worker,391432,Print Finisher,partial
899611,Recycling or Rubbish Collector,899935,Recycling or Waste Collector,full
899711,Vending Machine Attendant,471431,Gaming Attendant,partial
899711,Vending Machine Attendant,899941,Vending Machine Attendant,full
899911,Bicycle Mechanic,351432,Bicycle Technician,full
899912,Car Park Attendant,899931,Car Park Attendant,full
899913,Crossing Supervisor,899932,Crossing Supervisor,full
899914,Electrical or Telecommunications Trades Assistant,899933,Electrical or Telecommunications Trades Assistant,full
899915,Leaflet or Newspaper Deliverer,899934,Leaflet or Newspaper Deliverer,full
899916,Mechanic's Assistant,899433,Mechanic's Assistant,full
899917,Railways Assistant,899531,Rail Guard or Conductor,partial
899917,Railways Assistant,899532,Railways Assistant,partial
899918,Sign Erector,899936,Sign Installer,full
899921,Ticket Collector or Usher,619931,Entertainment Venue Attendant,partial
899922,Trolley Collector,899938,Trolley Collector,full
899923,Road Traffic Controller,899631,Road Traffic Controller,full
899999,Labourers nec,899937,Swimming Pool or Spa Technician,partial
899999,Labourers nec,899999,Labourers nec,full
