anzsco4_code,occupation,skill_level,employment_may_2025_thousands,employment_may_2030_thousands,employment_may_2035_thousands,change_5y_thousands,change_5y_pct,change_10y_thousands,change_10y_pct
1111,Chief Executives and Managing Directors,1,61.1931474092206,65.3877536346177,69.8156003671647,4.194606225397095,6.854699264520998,8.622452957944105,14.090553146878781
1112,General Managers,1,71.3232207735316,75.9364325674704,81.1273519272728,4.613211793938802,6.468036277535559,9.804131153741196,13.746057801948783
1113,Legislators,1,2.8300233042979,2.9980818503935103,3.13715558706066,0.16805854609561033,5.9384156250721745,0.30713228276276006,10.85264147105518
1211,Aquaculture Farmers,1,1.87342628649597,2.03589684857681,2.20232702500067,0.16247056208083976,8.672375489335233,0.3289007385046998,17.55610780501383
1212,Crop Farmers,1,33.1571161970379,32.8917729423759,34.684595855166,-0.2653432546619996,-0.800260351609541,1.527479658128101,4.606792849688655
1213,Livestock Farmers,1,78.8707065628769,76.57814172608549,79.8245496643315,-2.2925648367914135,-2.9067380485094887,0.9538431014545949,1.209375626290576
1214,Mixed Crop and Livestock Farmers,1,27.5863301143859,26.846328348800203,27.984511858035702,-0.7400017655856956,-2.682494418493871,0.3981817436498041,1.443402373562396
1311,"Advertising, Public Relations and Sales Managers",1,165.39522882996602,180.877568502329,194.351351246657,15.482339672362997,9.36081396173741,28.956122416690988,17.50722957459627
1321,Corporate Services Managers,1,21.673195128345,24.400450106263097,26.412464777034202,2.727254977918097,12.583539075654299,4.739269648689202,21.8669634109048
1322,Finance Managers,1,76.3017952531336,85.761343136816,92.97445246963949,9.45954788368239,12.397543009702513,16.672657216505883,21.850937007699255
1323,Human Resource Managers,1,92.88904449310459,104.40110500636,113.121209433154,11.512060513255406,12.39334582035665,20.2321649400494,21.781002324285176
1324,Policy and Planning Managers,1,39.317417308810604,44.0651169931837,47.304204775761306,4.747699684373096,12.075309136109476,7.986787466950702,20.313611660247453
1325,Research and Development Managers,1,19.796648144175098,22.3326002105873,24.3075461368501,2.5359520664122037,12.810007269631521,4.510897992675002,22.78617046594463
1331,Construction Managers,1,128.187768551921,147.311066271144,156.627423036549,19.12329771922299,14.918192223213023,28.439654484627994,22.185934591028342
1332,Engineering Managers,1,34.7598812479904,37.6416606394229,40.2549940914467,2.8817793914325023,8.290532901630982,5.4951128434562975,15.808779104428014
1333,"Importers, Exporters and Wholesalers",1,18.6484808524795,20.2043213298655,21.706954829989403,1.555840477385999,8.342987773071792,3.0584739775099017,16.400660202320164
1334,Manufacturers,1,21.6775954732334,23.8678842794021,25.7576868021305,2.1902888061687023,10.10392877232708,4.080091328897101,18.82169696327727
1335,Production Managers,1,62.2306120045629,67.8346810308757,72.6822558137507,5.6040690263128,9.005325266449084,10.4516438091878,16.795020123571113
1336,"Supply, Distribution and Procurement Managers",1,55.4762866220008,59.942389095677704,64.0905819495792,4.466102473676905,8.050471193408496,8.614295327578404,15.527887413001693
1341,Child Care Centre Managers,1,18.8589585316514,20.556254927967398,21.8610272683297,1.6972963963159984,8.999947656003322,3.0020687366783,15.918528754596192
1342,Health and Welfare Services Managers,1,44.2535121492895,50.9647805145314,56.2395931207856,6.711268365241899,15.165504474766644,11.9860809714961,27.08503888021584
1343,School Principals,1,28.969372572315198,31.3875139846418,33.306662201361895,2.4181414123266016,8.347234329256812,4.337289629046698,14.971983318657243
1344,Other Education Managers,1,15.7429987918962,17.2737553596928,18.828572895708998,1.5307565677965993,9.72341158143622,3.0855741038127977,19.599659153890777
1351,ICT Managers,1,89.8831046427226,103.37045715215899,112.762151890767,13.487352509436391,15.005436853841916,22.8790472480444,25.45422450524667
1391,Commissioned Officers (Management),1,4.3722073743892595,4.8501236738947,5.1364613027590105,0.47791629950544046,10.930778405088782,0.7642539283697509,17.47981884039769
1392,Senior Non-commissioned Defence Force Members,1,0.257389691791879,0.28441789627491404,0.300400188169831,0.027028204483035057,10.500888475708503,0.04301049637795201,16.710263755523506
1399,Other Specialist Managers,1,68.8174358683943,76.75489459830379,82.8721000519034,7.937458729909494,11.534080905148809,14.054664183509104,20.423115168642852
1411,Cafe and Restaurant Managers,2,64.5099001761583,65.63756810225081,69.13761210940031,1.1276679260925135,1.748054055289454,4.627711933242011,7.173646092468037
1412,Caravan Park and Camping Ground Managers,2,3.21239105071902,3.2168761211167,3.45792182372278,0.00448507039767998,0.13961782133206044,0.24553077300376014,7.643240474997704
1413,Hotel and Motel Managers,2,18.248528713678102,18.4207086976765,19.5988907392824,0.1721799839983973,0.9435280328618524,1.3503620256042979,7.399840539430119
1414,Licensed Club Managers,2,6.45246672872837,6.5614914144861896,6.90464879829476,0.1090246857578192,1.6896590147827917,0.4521820695663896,7.007894632809738
1419,Other Accommodation and Hospitality Managers,2,10.4807489755357,10.703440678773301,11.4522450191591,0.2226917032376008,2.1247689812761537,0.9714960436234001,9.269337963260819
1421,Retail Managers,2,250.748451634984,255.80653144961,267.72817734269796,5.058079814625984,2.017192840731499,16.979725707713953,6.77161737071519
1491,"Amusement, Fitness and Sports Centre Managers",2,19.7030796858784,20.823452348108,22.0893544223079,1.1203726622295989,5.686281942170659,2.386274736429499,12.11117639715882
1492,Call or Contact Centre and Customer Service Managers,2,39.5296185096408,42.221490563478596,44.824844053511,2.6918720538377983,6.809759758195701,5.2952255438702025,13.395589796999333
1493,Conference and Event Organisers,2,30.3358567456184,32.0407688586219,34.0464078614647,1.7049121130035019,5.62012184887362,3.7105511158463003,12.231568559151503
1494,Transport Services Managers,2,20.0333643491228,21.237338500956803,22.484839746649598,1.2039741518340037,6.009845030780974,2.4514753975267993,12.236963072226768
1499,"Other Hospitality, Retail and Service Managers",2,92.72884809115159,98.9869375257432,105.188118206902,6.258089434591611,6.748805321554268,12.459270115750414,13.436239500681674
2111,"Actors, Dancers and Other Entertainers",1,7.887388104671549,8.29932989141547,8.806271921065571,0.41194178674392035,5.222790881812131,0.9188838163940218,11.650039331141631
2112,Music Professionals,1,10.6590042778057,11.189763378536199,11.8325194350419,0.5307591007304993,4.9794435474207654,1.173515157236201,11.009613343337405
2113,Photographers,2,15.231340669207901,16.1434722278652,17.1809761456657,0.9121315586572987,5.988517875522862,1.9496354764577983,12.800156721589422
2114,Visual Arts and Crafts Professionals,1,12.2825376050673,12.9708422766066,13.7287028182098,0.6883046715392993,5.603928875864637,1.4461652131424998,11.77415660869516
2121,"Artistic Directors, and Media Producers and Presenters",1,14.3290223579547,15.7173198243812,17.044086281704303,1.3882974664264989,9.688710309365879,2.715063923749602,18.948005355315427
2122,"Authors, and Book and Script Editors",1,6.034841177745481,6.605258891375049,7.13381736442656,0.5704177136295687,9.452074989696209,1.098976186681079,18.21052376214545
2123,"Film, Television, Radio and Stage Directors",1,15.467682640342,16.9700184875418,18.4288499869433,1.5023358471998005,9.71274031238194,2.9611673466012984,19.144220989368744
2124,Journalists and Other Writers,1,23.3387779292834,25.5669979835346,27.7138188384983,2.2282200542511994,9.547286755984894,4.375040909214903,18.74580118321232
2211,Accountants,1,210.295305183867,228.043111695155,245.259539867072,17.74780651128802,8.439468725072404,34.96423468320501,16.62625547091259
2212,"Auditors, Company Secretaries and Corporate Treasurers",1,31.540485238669,34.0722684476797,36.553635775958796,2.5317832090106975,8.027090229755572,5.013150537289796,15.894335484552455
2221,Financial Brokers,2,50.642136310549,53.684124891834294,57.047665452706,3.0419885812852954,6.006833050310389,6.405529142157,12.648615577504177
2222,Financial Dealers,1,21.240346151163003,22.3969676507201,23.888180085520702,1.1566214995570974,5.445398541651202,2.647833934357699,12.466058300150246
2223,Financial Investment Advisers and Managers,1,65.8102295518758,69.850380542398,74.18731212886469,4.040150990522193,6.139092688223323,8.377082576988883,12.72914960794284
2231,Human Resource Professionals,1,89.6725217061978,96.2983335337055,102.91869553990101,6.625811827507704,7.38889874115111,13.24617383370321,14.771720011513503
2232,ICT Trainers,1,2.96549091402286,3.21353761783626,3.44323138939956,0.2480467038134,8.364439851778547,0.47774047537670006,16.109996261246927
2233,Training and Development Professionals,1,31.7939385844575,34.1833736841543,36.51973637778,2.3894350996967972,7.515379364999072,4.725797793322499,14.863832553393403
2241,"Actuaries, Mathematicians and Statisticians",1,12.479423154862799,14.485595053287799,15.9126587496563,2.0061718984250003,16.075838390360733,3.4332355947935014,27.5111722087546
2242,"Archivists, Curators and Records Managers",1,10.2131083552503,11.9843097994618,13.1847423306104,1.7712014442114992,17.342432711006825,2.971633975360099,29.09627384725099
2243,Economists,1,4.44332413354164,5.14171065527121,5.59769123892284,0.6983865217295708,15.71765868840426,1.1543671053812004,25.979808600213218
2244,Intelligence and Policy Analysts,1,45.427762016107,52.68848383399,56.8605449347131,7.260721817882995,15.983005756058624,11.432782918606094,25.16695168595902
2245,Land Economists and Valuers,1,14.686950376016402,17.3673094386839,18.994158473780402,2.680359062667499,18.249936127274523,4.307208097764001,29.326769598116265
2246,Librarians,1,11.2586396681561,13.022237842724701,14.1744841398907,1.7635981745686014,15.664398422455573,2.9158444717345997,25.89872806731496
2247,Management and Organisation Analysts,1,107.697120699298,125.090702983852,137.110381230754,17.393582284554,16.150461750150928,29.413260531456004,27.31109275760585
2249,Other Information and Organisation Professionals,1,57.123887243131,66.26102702769779,72.3268269168226,9.137139784566791,15.995304636180041,15.202939673691596,26.613979558122086
2251,Advertising and Marketing Professionals,1,102.987290484735,115.922436324058,125.727813501952,12.935145839322999,12.559943832331694,22.740523017217,22.08090232317322
2252,ICT Sales Professionals,1,17.2043993856141,19.549308865463498,21.178385342561302,2.344909479849399,13.629708467533922,3.973985956947203,23.098661382333134
2253,Public Relations Professionals,1,30.790869639312803,34.591019764301,37.318771185364604,3.8001501249881997,12.341808365608124,6.527901546051801,21.200770301457105
2254,Technical Sales Representatives,1,27.905131093589702,31.7994187705855,34.7772292260317,3.8942876769957984,13.95545379785148,6.872098132441998,24.62664701123959
2311,Air Transport Professionals,1,15.4926857643941,16.3682885486804,17.6087014107936,0.8756027842863006,5.651717188369272,2.1160156463995,13.658158944026416
2312,Marine Transport Professionals,2,10.548723567096701,11.1031949251879,11.8134188401349,0.5544713580911989,5.256288635913176,1.2646952730381997,11.989083465823331
2321,Architects and Landscape Architects,1,30.932281214230102,34.1060245701682,36.8718266772434,3.1737433559381003,10.26029517175749,5.939545463013296,19.20176989817636
2322,Surveyors and Spatial Scientists,1,19.558574923503098,21.553452483845597,23.199043832235997,1.9948775603424984,10.199503635335411,3.640468908732899,18.61316032978573
2323,"Fashion, Industrial and Jewellery Designers",1,14.6008084853573,16.2396564043922,17.6557343026258,1.6388479190349,11.224364189684769,3.054925817268499,20.92299080788704
2324,"Graphic and Web Designers, and Illustrators",1,55.6878273127744,61.178236470917,66.2453005511437,5.490409158142597,9.85926264873892,10.557473238369298,18.958314137616725
2325,Interior Designers,2,18.9625829679616,21.057340081142502,22.7594662118095,2.094757113180904,11.046792078484877,3.796883243847901,20.023027718654994
2326,Urban and Regional Planners,1,20.525251966552602,22.558187518521002,24.1440371413249,2.0329355519684,9.904558322992658,3.6187851747722988,17.63089281763446
2331,Chemical and Materials Engineers,1,7.14673440122589,8.086780742842171,8.80368315602761,0.9400463416162808,13.153508845313086,1.6569487548017197,23.18469753846597
2332,Civil Engineering Professionals,1,76.2856735621662,85.1196428741541,92.29541302470881,8.8339693119879,11.58011576680775,16.009739462542612,20.98656106050642
2333,Electrical Engineers,1,32.2499920321048,36.1313798008443,39.279178548176596,3.8813877687395006,12.03531388434325,7.029186516071796,21.795932566663133
2334,Electronics Engineers,1,5.62391263632112,6.312274958263419,6.91440818646793,0.6883623219422992,12.239918477691559,1.2904955501468098,22.946578896200403
2335,"Industrial, Mechanical and Production Engineers",1,40.099899343373295,45.1950577671611,49.3493030150294,5.095158423787808,12.706162626889006,9.249403671656104,23.065902466372684
2336,Mining Engineers,1,15.5042264093311,17.2340227964228,18.3688585630877,1.7297963870916995,11.156934512067206,2.864632153756599,18.476459760885213
2339,Other Engineering Professionals,1,17.1100765622474,19.232729739726,21.0391356712702,2.1226531774786004,12.405866038975754,3.9290591090227984,22.963422137409292
2341,Agricultural and Forestry Scientists,1,9.43819756885182,10.2649615610563,11.088021640188598,0.82676399220448,8.759765688026999,1.6498240713367789,17.48028751571773
2342,"Chemists, and Food and Wine Scientists",1,10.245205590446199,11.304812816693701,12.2502559257873,1.0596072262475023,10.34246913732606,2.0050503353411013,19.570620790771045
2343,Environmental Scientists,1,31.523510383864,34.3277048902345,36.7687554276959,2.8041945063705,8.895565475493138,5.2452450438319005,16.639152746506284
2344,"Geologists, Geophysicists and Hydrogeologists",1,14.0145573923201,15.4390318636919,16.3340870291169,1.4244744713718003,10.164248727201363,2.3195296367968012,16.550859023688403
2345,Life Scientists,1,10.5200462928112,11.5676610148746,12.5978175360599,1.0476147220634004,9.95827102756459,2.0777712432486997,19.750590305562916
2346,Medical Laboratory Scientists,1,32.3457490276364,36.4491952602362,40.3695677951533,4.103446232599801,12.686199441830182,8.0238187675169,24.806408906039866
2347,Veterinarians,1,13.1230175005733,14.3149369637851,15.4586223205181,1.1919194632118,9.082663062513856,2.3356048199448,17.797772652842728
2349,Other Natural and Physical Science Professionals,1,14.8763478779435,16.8271391700288,18.5484646448257,1.9507912920853006,13.113375057447078,3.6721167668821995,24.684262542197498
2411,Early Childhood (Pre-primary School) Teachers,1,79.7878378592184,84.3542622901931,89.4296648108271,4.566424430974706,5.723208641186557,9.641826951608707,12.084331660448328
2412,Primary School Teachers,1,168.61119174327098,177.821725262416,188.35956836121701,9.21053351914503,5.462587283748683,19.748376617946036,11.71237591868463
2413,Middle School Teachers,1,1.1616620542882499,1.22606488587429,1.29982415986355,0.0644028315860401,5.544024731486965,0.13816210557530018,11.893485292497747
2414,Secondary School Teachers,1,153.485610408868,161.850460976269,171.41317346888698,8.364850567400993,5.449924944180756,17.92756306001897,11.68028912434332
2415,Special Education Teachers,1,29.616527147982,31.3557116226941,33.360153962156105,1.739184474712097,5.872344404264836,3.743626814174103,12.640330162509228
2421,University Lecturers and Tutors,1,63.8285743306936,69.4608905952534,76.61930608151269,5.632316264559805,8.824129825270688,12.790731750819091,20.039193864100362
2422,Vocational Education Teachers,1,35.2436437518456,38.399493537167594,42.008528805138305,3.1558497853219905,8.954379994142144,6.764885053292701,19.194624429088563
2491,Education Advisers and Reviewers,1,25.422761897137,27.1523174688613,29.0820256516654,1.7295555717242976,6.8031773208680075,3.6592637545284,14.393651521161004
2492,Private Tutors and Teachers,1,45.4324587921028,48.2357187508632,51.6868841624274,2.8032599587603997,6.17017003545419,6.254425370324597,13.766425011123895
2493,Teachers of English to Speakers of Other Languages,1,4.227968597715391,4.49487718299197,4.824502225815699,0.2669085852765791,6.312927333963758,0.5965336281003086,14.109225608313395
2511,Nutrition Professionals,1,10.8755816922535,12.6858954299753,14.1813418008641,1.8103137377218008,16.645672746049602,3.3057601086106008,30.39616824326041
2512,Medical Imaging Professionals,1,22.9178478965871,27.068040807269497,30.509940073720603,4.150192910682396,18.108999280427362,7.592092177133502,33.127421961222225
2513,Occupational and Environmental Health Professionals,1,40.0298274550554,44.5556997487419,47.944700660283196,4.525872293686504,11.306249817759152,7.914873205227799,19.772438974698165
2514,Optometrists and Orthoptists,1,10.0474538421174,11.856260725063299,13.356857218892301,1.8088068829458983,18.002639388734035,3.3094033767749007,32.937731576356036
2515,Pharmacists,1,41.985407845815004,46.557490916508,50.365263377780906,4.572083070692997,10.889695504407802,8.379855531965902,19.95897137105263
2519,Other Health Diagnostic and Promotion Professionals,1,10.443936954177799,12.0065316130635,13.258679689653599,1.5625946588857005,14.961739674813233,2.8147427354758,26.950974022778283
2521,Chiropractors and Osteopaths,1,8.93593778016823,10.7312541835205,12.150352316201602,1.7953164033522704,20.090968038482373,3.214414536033372,35.971764968722255
2522,Complementary Health Therapists,1,9.488846393611881,11.291163673365299,12.711940096818,1.8023172797534173,18.994061079614276,3.2230937032061178,33.96718177855615
2523,Dental Practitioners,1,24.458473353318002,29.3476471261724,33.2093762003848,4.889173772854399,19.9896931514376,8.7509028470668,35.778614309464515
2524,Occupational Therapists,1,31.2848159725791,37.1519088296396,41.6389930308548,5.867092857060502,18.75380332172311,10.354177058275699,33.09649341505175
2525,Physiotherapists,1,46.9803075540637,56.2290312577349,63.4700794866016,9.248723703671203,19.686383902506417,16.4897719325379,35.09932733744219
2526,Podiatrists,1,6.143695107151729,7.37058053188119,8.337791825291681,1.2268854247294607,19.969829285656974,2.194096718139952,35.7129818435465
2527,Audiologists and Speech Pathologists \ Therapists,1,22.102896151032898,26.1882960926755,29.334816373497297,4.085399941642603,18.483550362479022,7.2319202224643995,32.71933312742114
2531,General Practitioners and Resident Medical Officers,1,89.00622985955641,105.037876114222,118.344778076459,16.03164625466559,18.011824880080912,29.33854821690258,32.962353605130886
2532,Anaesthetists,1,7.07688706370659,8.359856781949729,9.42546088636699,1.2829697182431383,18.12901218705008,2.3485738226603994,33.18653811369869
2533,Specialist Physicians,1,16.1014404809884,18.9919926053744,21.390280041856098,2.890552124385998,17.952133710017968,5.288839560867697,32.846996311370006
2534,Psychiatrists,1,6.40974650840512,7.544070810094969,8.47783531434739,1.1343243016898494,17.696866798123867,2.0680888059422697,32.26475186234555
2535,Surgeons,1,10.4518611695042,12.3436604607703,13.9161560575551,1.8917992912661,18.100118826548098,3.4642948880508992,33.14524400839543
2539,Other Medical Practitioners,1,21.690913679092,25.6031367729729,28.8535296022444,3.9122230938809004,18.03623006278392,7.162615923152401,33.021273465564015
2541,Midwives,1,21.274288189679798,24.2331184081668,26.9630935626728,2.9588302184870017,13.908010421342023,5.688805372993002,26.740285372991483
2542,Nurse Educators and Researchers,1,8.82589732279666,9.861006513031251,10.8735610329562,1.035109190234591,11.728090100946204,2.04766371015954,23.200629185551154
2543,Nurse Managers,1,21.8711083421437,24.8547673408194,27.5705781426276,2.9836589986757005,13.642010967164625,5.6994698004839,26.05935516080602
2544,Registered Nurses,1,363.765570259861,413.48174528595797,458.643143002301,49.71617502609695,13.667091965460475,94.87757274243995,26.08206507137628
2611,ICT Business and Systems Analysts,1,51.4216745161059,59.1708475755063,64.7298234187704,7.749173059400398,15.069857472209042,13.308148902664492,25.88042693649779
2612,Multimedia Specialists and Web Developers,1,13.463889344601402,15.6025807527074,17.0830130002478,2.1386914081059984,15.884647841105043,3.6191236556463977,26.88022430233024
2613,Software and Applications Programmers,1,186.065836799349,215.25848492193802,235.692213531838,29.19264812258902,15.689418662099694,49.62637673248901,26.6714070600749
2621,"Database and Systems Administrators, and ICT Security Specialists",1,68.857017280793,78.50606496099431,85.4108900608668,9.649047680201306,14.01316534065558,16.553872780073803,24.040937922954942
2631,Computer Network Professionals,1,45.040033195998305,51.6917575154818,56.3711541320972,6.651724319483492,14.768471174382885,11.331120936098898,25.157887621418627
2632,ICT Support and Test Engineers,1,15.565313948909399,17.89025105559,19.5162154564995,2.3249371066806006,14.936654116401552,3.9509015075900997,25.382729320836628
2633,Telecommunications Engineering Professionals,1,15.4239324567665,17.183071154464,18.7995349524563,1.759138697697498,11.405254156995232,3.3756024956897974,21.885485463267287
2711,Barristers,1,8.714949843022,9.735592591236621,10.5405061465354,1.0206427482146214,11.71140128857819,1.8255563035134,20.94741032818577
2712,Judicial and Other Legal Professionals,1,12.8831225909622,14.4104703467742,15.5166027510697,1.5273477558120003,11.855415835936151,2.6334801601074993,20.441318799177964
2713,Solicitors,1,100.23833855113,111.941088575524,121.536089777878,11.702750024394007,11.674924179259634,21.297751226748005,21.247111169828855
2721,Counsellors,1,34.0453599923963,38.464795082483896,41.9996648871713,4.419435090087596,12.981020294908422,7.9543048947749995,23.363844284658807
2722,Ministers of Religion,1,19.450632162236403,21.261826218323897,23.0767128660692,1.8111940560874942,9.311749052578074,3.6260807038327982,18.642482535209677
2723,Psychologists,1,51.1987831531178,59.805948851846296,66.8662465722192,8.607165698728494,16.811270051062436,15.667463419101395,30.601241776089573
2724,Social Professionals,1,15.7974188288936,17.6315350370978,19.1521396062479,1.8341162082042022,11.610227139446284,3.3547207773543004,21.235879188177822
2725,Social Workers,1,49.8455521241429,57.122365899242304,62.460059968348496,7.276813775099406,14.598722383445825,12.614507844205598,25.30718851862353
2726,"Welfare, Recreation and Community Arts Workers",1,40.4505092891839,45.9812398553085,49.915427101921104,5.530730566124603,13.672832958875677,9.464917812737205,23.398760557182996
3111,Agricultural Technicians,2,2.63749949601997,2.72210110956987,2.86783338980197,0.08460161354989992,3.2076447285607124,0.23033389378199987,8.733040295536643
3112,Medical Technicians,"2, 3",41.937314181622504,45.2814498538482,49.244327260959295,3.344135672225697,7.974129334422524,7.307013079336791,17.42365533398613
3113,Primary Products Inspectors,2,3.8539380557612697,3.9224519822024,4.06191013997529,0.0685139264411303,1.7777640805281891,0.20797208421402047,5.396352541347208
3114,Science Technicians,2,22.4323804775978,23.1735589840836,24.3625552019376,0.7411785064857987,3.3040564162416026,1.9301747243397998,8.604413277794471
3121,"Architectural, Building and Surveying Technicians",2,84.20331682361119,91.15527077311239,96.1432943440276,6.951953949501203,8.256152146671528,11.939977520416406,14.17993728848975
3122,Civil Engineering Draftspersons and Technicians,2,16.0353520966271,16.871973954117998,17.8423961053351,0.836621857490897,5.217358823488967,1.8070440087080009,11.269125852796815
3123,Electrical Engineering Draftspersons and Technicians,2,10.0704563426322,10.6389877868063,11.268241837302499,0.5685314441741003,5.645538045453643,1.197785494670299,11.894053793765059
3124,Electronic Engineering Draftspersons and Technicians,2,6.51458664583767,6.83237996622193,7.29991261055455,0.31779332038425956,4.878180883315222,0.78532596471688,12.054885557760509
3125,Mechanical Engineering Draftspersons and Technicians,2,6.76966502089209,7.17029010091923,7.62405669707547,0.40062508002714026,5.917945404842896,0.8543916761833801,12.620885576267266
3126,Safety Inspectors,2,7.3832191054688305,7.780556568406451,8.17030245338122,0.39733746293762007,5.381629032833495,0.7870833479123895,10.660436005879717
3129,Other Building and Engineering Technicians,2,39.3636466604065,41.886066288389095,43.9500770050567,2.5224196279825932,6.407992759775841,4.586430344650196,11.65143662683927
3131,ICT Support Technicians,2,74.7706355729605,81.7941148819828,87.8126456817773,7.023479309022292,9.39336579822014,13.042010108816797,17.44268991279407
3132,Telecommunications Technical Specialists,2,3.76000181232903,3.9655937674553603,4.27573554894642,0.2055919551263301,5.46786851145111,0.5157337366173897,13.71631617108005
3211,Automotive Electricians,3,10.4547300129945,10.7955575391659,11.270133665543101,0.34082752617140066,3.2600318300690296,0.8154036525486017,7.79937551266376
3212,Motor Mechanics,3,111.20172027116399,114.16691517589601,119.547947918886,2.965194904732016,2.6665009295732345,8.346227647722003,7.505484292302163
3221,"Metal Casting, Forging and Finishing Trades Workers",3,2.29007705056169,2.30604684371274,2.40104563182053,0.01596979315104985,0.6973474166353013,0.1109685812588399,4.845626536086307
3222,Sheetmetal Trades Workers,3,5.69261789228832,5.99660826496482,6.28808006544622,0.3039903726765001,5.340080406385786,0.5954621731579,10.46025193372914
3223,Structural Steel and Welding Trades Workers,3,77.1839962654885,79.4487142313676,82.95596607765751,2.2647179658791003,2.934180756965716,5.771969812169004,7.478195081160681
3231,Aircraft Maintenance Engineers,3,10.006431687467801,10.1102610149688,10.7000199771077,0.10382932750099982,1.0376259064561162,0.6935882896398997,6.931424820583741
3232,Metal Fitters and Machinists,3,122.958433360501,126.60120593113601,131.830697451866,3.642772570635003,2.962604899132687,8.872264091364997,7.215661300231815
3233,Precision Metal Trades Workers,3,8.28615493872842,8.5359412133173,8.945996361555501,0.24978627458887992,3.0145016166836456,0.6598414228270819,7.963179879042187
3234,Toolmakers and Engineering Patternmakers,3,4.07690482958414,4.25452996909987,4.495754124056081,0.17762513951573045,4.356862545006941,0.41884929447194086,10.273707922553225
3241,Panelbeaters,3,11.0426885156685,10.7062027817438,11.0440448467913,-0.33648573392470027,-3.047135970984419,0.0013563311227997588,0.01228261687246957
3242,Vehicle Body Builders and Trimmers,3,6.33655202825473,6.24903314941172,6.497625474587999,-0.08751887884301013,-1.3811751004767707,0.16107344633326903,2.5419730732903543
3243,Vehicle Painters,3,9.80774566277794,9.518196797735571,9.82275796608443,-0.2895488650423683,-2.9522468770907815,0.015012303306489727,0.153065789251285
3311,Bricklayers and Stonemasons,3,26.585964097878602,27.976236997937,29.1943020943708,1.3902729000583989,5.229349196967186,2.6083379964921996,9.810958846139153
3312,Carpenters and Joiners,3,149.259384010911,158.848230539497,165.55358294735902,9.588846528586004,6.424283868064904,16.294198936448026,10.916699840632402
3321,Floor Finishers,3,10.864952060924201,11.2297178054498,11.687502552853001,0.36476574452559873,3.357269709799077,0.8225504919287996,7.570677600015395
3322,Painting Trades Workers,3,53.8219160163458,55.7858845829605,58.065118396592695,1.963968566614696,3.649012729346602,4.243202380246892,7.883781727425357
3331,Glaziers,3,8.34270692188753,8.34984275445335,8.63899512931615,0.007135832565820621,0.0855337797747562,0.2962882074286206,3.551463694011508
3332,Plasterers,3,31.4305518824916,32.168639931208,33.2324239602585,0.7380880487163992,2.348313995490329,1.8018720777669017,5.732868084860563
3333,Roof Tilers,3,10.272327120747502,10.3815950517545,10.722778426527,0.10926793100699861,1.063711559441142,0.45045130577949877,4.385095027490909
3334,Wall and Floor Tilers,3,21.0925362634275,21.7163324038099,22.4372666698123,0.6237961403823995,2.957425947224773,1.344730406384798,6.375385063181974
3341,Plumbers,3,103.57297972692001,108.95796905005,114.159649249816,5.384989323129986,5.19922216907153,10.586669522895988,10.221458869686618
3411,Electricians,3,194.917294073425,207.934754857862,218.27753573866897,13.017460784436992,6.678453467311801,23.36024166524396,11.984694214174858
3421,Airconditioning and Refrigeration Mechanics,3,29.2342005333982,29.919606207579,31.1856265143184,0.6854056741807995,2.344533668357947,1.9514259809201988,6.675147414039319
3422,Electrical Distribution Trades Workers,3,11.975364039042999,12.076234684569298,12.599720342500499,0.10087064552629954,0.8423179888096374,0.6243563034574997,5.213672848874785
3423,Electronics Trades Workers,3,30.2831184953531,30.839454657891203,32.1583045342443,0.556336162538102,1.8371164866110832,1.8751860388912007,6.19218274755602
3424,Telecommunications Trades Workers,3,16.991432667210702,16.8277611253075,17.630198436074398,-0.1636715419032022,-0.9632592207427462,0.6387657688636956,3.759340259143403
3511,Bakers and Pastrycooks,3,34.271688486011904,35.2847401569597,37.0302736853448,1.013051670947796,2.9559432747565855,2.7585851993328987,8.049166297887027
3512,Butchers and Smallgoods Makers,3,14.5293532568912,15.181535341302801,15.911548927292701,0.6521820844116011,4.488720680683253,1.3821956704015008,9.513125918016566
3513,Chefs,2,124.895395570758,132.09437329367802,140.46700030854802,7.19897772292002,5.764005702549318,15.571604737790025,12.467717217780153
3514,Cooks,3,39.4470304788829,41.803648450949794,44.3944515679073,2.3566179720668927,5.974132763500299,4.947421089024402,12.541935423181968
3611,Animal Attendants and Trainers,"3, 4",26.0190706578816,27.346827848271,28.8808206147392,1.327757190389402,5.103015429904307,2.861749956857601,10.998663228545137
3612,Shearers,3,2.12207270066502,2.19332542676507,2.2868559256326497,0.07125272610005018,3.3576948649177214,0.16478322496762976,7.765201678339749
3613,Veterinary Nurses,3,17.5247675168915,18.5636753984151,19.5763598933619,1.038907881523599,5.9282263260966666,2.051592376470399,11.70681650694049
3621,Florists,3,5.89547140386263,5.95740690828916,6.17937091644265,0.06193550442652995,1.050560679269018,0.2838995125800201,4.815552364379431
3622,Gardeners,3,87.21958759049541,90.84621281235219,94.8822169851961,3.6266252218567843,4.15803986471955,7.662629394700687,8.785445570641185
3623,Greenkeepers,"2, 3",13.2490241097054,13.497698896420001,14.0847236558447,0.24867478671460042,1.8769290828932594,0.8356995461392991,6.307630956208452
3624,Nurserypersons,3,4.09428131112369,4.204755951971181,4.4541912855600305,0.11047464084749059,2.6982669839354645,0.35990997443634054,8.79055314197651
3911,Hairdressers,3,64.8358953021299,65.3199428006231,68.471569286881,0.4840474984931973,0.7465733236775339,3.635673984751108,5.607501782475847
3921,Print Finishers and Screen Printers,3,2.99787849636831,2.9908403844661002,3.15002707196627,-0.00703811190220982,-0.2347697517006086,0.1521485755979599,5.075208210815607
3922,Graphic Pre-press Trades Workers,3,1.19490933790731,1.2075139655231,1.27253335729112,0.012604627615790065,1.0548605836376699,0.07762401938381003,6.496226694466705
3923,Printers,3,10.8680752745603,10.819389516183401,11.4067795073557,-0.04868575837689981,-0.4479703824913886,0.5387042327953999,4.956758388087211
3931,Canvas and Leather Goods Makers,3,1.40410075563289,1.4202814291133399,1.48802705880121,0.016180673480449936,1.1523869220593501,0.08392630316831995,5.977227975387754
3932,Clothing Trades Workers,3,7.9586841524706395,8.264194568577281,8.751918282787539,0.30551041610664154,3.8387051207679974,0.7932341303168995,9.96690049661857
3933,Upholsterers,3,2.0931236274382,2.1144774128508796,2.21889781071837,0.021353785412679738,1.020187490731969,0.12577418328016998,6.008922819055202
3941,Cabinetmakers,3,32.9273948590306,33.781549389881896,35.4956345258084,0.8541545308512966,2.5940543869568775,2.5682396667777994,7.799705010897451
3942,Wood Machinists and Other Wood Trades Workers,3,2.61829041574249,2.66645941557554,2.77776341220903,0.048168999833049675,1.8397118800662149,0.15947299646653956,6.09072987120554
3991,Boat Builders and Shipwrights,3,3.9462673533666397,3.86018825714702,4.0872162393322,-0.08607909621961962,-2.1812788772707914,0.14094888596556032,3.5717013913239817
3992,"Chemical, Gas, Petroleum and Power Generation Plant Operators",3,9.538694607180311,9.92261242305314,10.4051997637028,0.38391781587282914,4.024846498218243,0.8665051565224893,9.084106287145646
3993,"Gallery, Library and Museum Technicians",2,7.02038111527584,7.2287295547631,7.51123501221412,0.2083484394872599,2.967765368662234,0.49085389693827963,6.991841167571618
3994,Jewellers,3,4.60579155591152,4.990334661413439,5.2500021904180505,0.38454310550191906,8.349120902103332,0.6442106345065302,13.986968943040587
3995,Performing Arts Technicians,3,16.2790976480454,16.7169279008736,17.6301828173712,0.4378302528281992,2.6895240896891397,1.351085169325799,8.299508968717447
3996,Signwriters,3,6.59784797889557,6.90704171851117,7.27106417749281,0.30919373961560037,4.686281657361816,0.67321619859724,10.203572448935558
3999,Other Miscellaneous Technicians and Trades Workers,"2, 3, 4",24.8599618044009,26.519898946165398,28.316494819515,1.6599371417644981,6.677150813122503,3.4565330151141005,13.904015791778887
4111,Ambulance Officers and Paramedics,"1, 2",28.1544232595764,31.2833051840195,34.528793925386196,3.1288819244430996,11.11328722877975,6.374370665809796,22.640743186389468
4112,"Dental Hygienists, Technicians and Therapists","1, 2",7.5424291833065595,8.25863383691523,9.099691050861809,0.7162046536086706,9.495676209911599,1.5572618675552494,20.64668861594209
4113,Diversional Therapists,3,6.62430628625058,7.26074702589896,7.8509687287641,0.6364407396483793,9.607658706382232,1.2266624425135193,18.51759851532804
4114,Enrolled and Mothercraft Nurses,2,22.104162825101298,24.4511612910241,26.807504783686,2.346998465922802,10.61790253941475,4.703341958584701,21.27808230422383
4115,Indigenous Health Workers,2,1.19322302959525,1.31303403410479,1.4344797574091201,0.11981100450953996,10.04095642959395,0.2412567278138702,20.21891313107712
4116,Massage Therapists,2,19.4729510863547,21.5335454199266,23.7107477721558,2.060594333571899,10.581828734812676,4.237796685801097,21.762477947015704
4117,Welfare Support Workers,2,96.48562662419491,102.31522390600199,107.955077735359,5.829597281807082,6.041933379893956,11.46945111116409,11.887212129363931
4211,Child Carers,"3, 4",172.41674062821198,174.121396686399,180.230067026562,1.7046560581870267,0.9886836115657898,7.8133263983500285,4.531651839538116
4221,Education Aides,4,134.652920212705,141.41308175374598,147.65774776262901,6.760161541040986,5.020434410454873,13.004827549924016,9.658036030247906
4231,Aged and Disabled Carers,4,370.153695258105,409.92675698408505,437.239810631053,39.77306172598003,10.745012743489326,67.08611537294797,18.123854018577173
4232,Dental Assistants,4,26.1276253384525,29.914377231829302,33.1362342508846,3.7867518933768025,14.493287638367086,7.0086089124320985,26.824515514302792
4233,Nursing Support and Personal Care Workers,4,115.04949495886,130.925166924692,143.438518735936,15.875671965832012,13.798993182463704,28.38902377707599,24.675487525805732
4234,Special Care Workers,"3, 4",4.15589671368532,4.48579403957532,4.73686227731954,0.3298973258900002,7.938054013798084,0.5809655636342201,13.979307082418755
4311,Bar Attendants and Baristas,4,120.35111847745699,126.64434646370199,134.12729170957002,6.293227986245,5.2290565022241875,13.776173232113024,11.44665160273807
4312,Cafe Workers,5,37.419360383187,39.3735656736822,41.647218792019395,1.954205290495203,5.222444399058335,4.227858408832397,11.298585452925133
4313,Gaming Workers,4,5.34268936928216,5.6125292196073895,5.94374664607876,0.26983985032522906,5.050637079458066,0.6010572767965998,11.25008839653647
4314,Hotel Service Managers,2,11.0731453335627,11.6222380275308,12.4643675749203,0.5490926939681007,4.958777993311448,1.3912222413575996,12.563930116051178
4315,Waiters,4,126.494355894794,133.108126887268,141.110341283037,6.6137709924740165,5.228510747131456,14.615985388243004,11.554654185835131
4319,Other Hospitality Workers,5,6.09156661363925,6.41132052357214,6.78218254952553,0.3197539099328903,5.24912440778287,0.6906159358862798,11.33724671646805
4411,Defence Force Members - Other Ranks,3,4.06625131085229,4.279141823488111,4.44963233214939,0.2128905126358207,5.235547347200207,0.38338102129710006,9.428365144916315
4412,Fire and Emergency Workers,3,17.1374422652301,18.2109723891796,19.0957227823039,1.0735301239494994,6.264237727747557,1.9582805170737991,11.426912410651415
4413,Police,2,67.4536488107271,71.64179968304691,74.9438425189215,4.1881508723198095,6.208931534707091,7.490193708194397,11.104208356780896
4421,Prison Officers,4,18.5534614309923,19.5401890734677,20.3228317695597,0.986727642475401,5.318294088385789,1.7693703385673984,9.536605043476067
4422,Security Officers and Guards,"3, 4, 5",65.2639748745359,68.8506153725894,72.2129723807111,3.586640498053498,5.495590032553933,6.948997506175189,10.647524180888475
4511,Beauty Therapists,3,39.264333480409604,40.926543138792006,43.409679368195995,1.6622096583824018,4.23338310126094,4.145345887786391,10.557535351656112
4512,Driving Instructors,3,6.66098534236258,6.86185172739644,7.22301049173329,0.20086638503385945,3.0155656364590393,0.5620251493707098,8.437567724347604
4513,Funeral Workers,"2, 3",5.12260049739227,5.32772853511535,5.64236192242448,0.20512803772307997,4.004373127037785,0.5197614250322102,10.146436859497475
4514,"Gallery, Museum and Tour Guides","3, 4",6.09382987208091,6.31479472949112,6.6578130480239395,0.22096485741020988,3.6260424404456697,0.5639831759430294,9.254987221204477
4515,Personal Care Consultants,4,4.6688113603148,5.17108612531203,5.66779320014726,0.5022747649972299,10.758086507126805,0.9989818398324601,21.396920173812774
4516,Tourism and Travel Advisers,"3, 4",21.9302754051292,22.6783905223712,23.970440265527397,0.7481151172419978,3.4113348027860315,2.040164860398196,9.302960508745041
4517,Travel Attendants,"3, 4",9.99875330936984,10.441796874002899,11.2879602141255,0.44304356463305794,4.430988053459439,1.289206904755659,12.893676490123443
4518,Other Personal Service Workers,"3, 4, 5",21.0436215860437,22.071046939570397,23.4563966245907,1.0274253535266986,4.882359955608095,2.412775038547,11.465588414435148
4521,Fitness Instructors,4,35.2732704364194,37.5258054437546,39.8960073385581,2.2525350073351973,6.3859545187209825,4.622736902138698,13.10549559182852
4522,Outdoor Adventure Guides,"2, 3",4.05401981138908,4.29205672432543,4.54065226613297,0.23803691293635065,5.871626780599995,0.48663245474388983,12.003701939906131
4523,"Sports Coaches, Instructors and Officials","2, 3, 4",58.785617919570804,62.230067727903204,65.9066767775458,3.4444498083324007,5.859340992290021,7.121058857974994,12.113607222293506
4524,Sportspersons,3,16.0838436437726,17.1212044464217,18.1278251277608,1.0373608026491006,6.4497070826148555,2.043981483988201,12.708289941500379
5111,"Contract, Program and Project Administrators",2,164.535790937849,180.22732796366998,193.05469103518,15.691537025820992,9.536853310990704,28.518900097331027,17.332946184398036
5121,Office Managers,2,136.600736251171,141.105043955592,148.117343304446,4.504307704420995,3.297425642083523,11.516607053274981,8.43085284115828
5122,Practice Managers,2,31.014865554255,33.5256608693292,36.487987180139896,2.5107953150742013,8.095457678776686,5.473121625884897,17.646768825454497
5211,Personal Assistants,2,49.8270090238567,45.993101147267105,46.9288926203728,-3.833907876589592,-7.694437116933816,-2.898116403483897,-5.816356350220231
5212,Secretaries,2,30.162245395310002,27.891759820882502,28.4575418052514,-2.2704855744275,-7.527574769949134,-1.7047035900586032,-5.651779460436561
5311,General Clerks,4,297.90738550704896,331.642434823914,354.46147061012,33.73504931686506,11.324005700445058,56.55408510307103,18.983780817254317
5321,Keyboard Operators,4,46.3431500637756,43.5774175743444,44.7359772051716,-2.765732489431201,-5.96794237255152,-1.6071728586040024,-3.4679836316527357
5411,Call or Contact Centre Workers,"3, 4",32.172342078795396,33.2067644058236,34.8513381863753,1.034422327028203,3.2152534139253253,2.6789961075799056,8.327016109111982
5412,Information Officers,4,81.8284785859619,84.6533582097739,88.60151862688541,2.824879623811995,3.4521961945613118,6.7730400409235045,8.277118379768403
5421,Receptionists,4,190.051002238618,194.020242333816,205.84978752102302,3.969240095197989,2.0885131088203477,15.79878528240502,8.312918688304997
5511,Accounting Clerks,4,138.66309601875798,140.487989107444,146.884095235611,1.824893088686025,1.3160625581583425,8.220999216853016,5.928757869174435
5512,Bookkeepers,3,88.25847717947559,89.4042424212999,93.46244405657531,1.1457652418243072,1.298192851769205,5.203966877099717,5.896279930728165
5513,Payroll Clerks,4,52.311480719794304,52.844156362923194,55.212537834291204,0.5326756431288899,1.0182767449886563,2.9010571144969006,5.545736948331421
5521,Bank Workers,3,42.3018619526482,43.2864782143267,45.8495145182135,0.9846162616784966,2.3275955625325784,3.5476525655653006,8.386516341849129
5522,Credit and Loans Officers,3,36.432551440106295,37.3690300174382,39.4978260537547,0.9364785773319042,2.5704446719067664,3.0652746136484055,8.413560106235213
5523,"Insurance, Money Market and Statistical Clerks",4,40.6516988866785,41.5837354142044,43.7615408098185,0.932036527525895,2.2927369656162684,3.109841923139996,7.649967918460318
5611,Betting Clerks,5,2.32437402762597,2.1996075871968,2.2706394144160598,-0.12476644042917018,-5.367743699864088,-0.053734613209910354,-2.3117885749563682
5612,Couriers and Postal Deliverers,5,42.5440208499464,40.758472704511,42.212730409513405,-1.7855481454353992,-4.19694262498851,-0.33129044043299416,-0.778700352751006
5613,Filing and Registry Clerks,5,17.9260360135989,17.3504876004437,17.864899546893298,-0.5755484131552002,-3.2106842400549818,-0.06113646670560158,-0.34104844294200204
5614,Mail Sorters,5,15.5215313777863,14.7832914647679,15.266302696467799,-0.7382399130183988,-4.756231167209014,-0.25522868131850096,-1.6443524489070227
5615,Survey Interviewers,5,1.4257661749525001,1.36391504107072,1.40150770821561,-0.06185113388178021,-4.338097997298947,-0.02425846673689014,-1.7014337387894838
5616,Switchboard Operators,5,2.92936755918095,2.86026417685649,2.97624032474085,-0.06910338232446023,-2.3589863999102083,0.04687276555989994,1.6000984722110307
5619,Other Clerical and Office Support Workers,5,5.747817398064489,5.51491247620019,5.66041448496264,-0.23290492186429912,-4.052058472538239,-0.08740291310184922,-1.5206278670453437
5911,Purchasing and Supply Logistics Clerks,4,117.522422317346,123.92160796636699,130.793652690423,6.399185649020993,5.445076371674216,13.271230373076989,11.292509217722438
5912,Transport and Despatch Clerks,4,46.458413195150996,48.7656314691023,51.4449897454028,2.3072182739513067,4.966201200759302,4.9865765502518045,10.733419863707846
5991,Conveyancers and Legal Executives,2,19.32987426436,19.9568441707738,21.026034779872703,0.6269699064137981,3.2435281152852173,1.6961605155127017,8.77481401231898
5992,Court and Legal Clerks,3,21.0322638876097,21.7038810947736,22.671593086511198,0.671617207163898,3.1932711131470435,1.6393291989014962,7.794354462560922
5993,Debt Collectors,4,6.9152068629977705,7.09631324895086,7.465542414526619,0.1811063859530897,2.618958326787918,0.5503355515288488,7.958338230973413
5994,Human Resource Clerks,4,23.4825727234285,24.488323642131398,25.8644645751596,1.0057509187028977,4.282967333044656,2.381891851731101,10.143232088682915
5995,Inspectors and Regulatory Officers,4,47.4876305196821,48.9688004108471,50.8114230329164,1.4811698911650026,3.1190646384243266,3.3237925132343022,6.999280606044761
5996,"Insurance Investigators, Loss Adjusters and Risk Surveyors","2, 3",7.928095904529671,8.10883725541281,8.54932639042857,0.1807413508831397,2.27975737250951,0.6212304858988995,7.835809422335105
5997,Library Assistants,4,7.04756616739526,7.215631188571201,7.49870781920758,0.16806502117594047,2.384724274792532,0.45114165181231947,6.401382280019924
5999,Other Miscellaneous Clerical and Administrative Workers,"3, 4",21.864094854166,22.750986784098,24.175767728992103,0.8868919299319984,4.056385301324328,2.311672874826101,10.572918249051746
6111,"Auctioneers, and Stock and Station Agents",3,2.68241801552184,2.6853575713349103,2.81195786870582,0.0029395558130702604,0.10958604498107638,0.1295398531839802,4.829219474160868
6112,Insurance Agents,3,16.7033614724549,16.435804404616903,17.1376344070974,-0.2675570678379984,-1.601815708049066,0.4342729346425003,2.5999134087988756
6113,Sales Representatives,4,76.5353542745761,76.5364141520287,79.78492917604879,0.0010598774526044963,0.0013848207310860673,3.2495749014726982,4.245848121137081
6121,Real Estate Sales Agents,"2, 3",114.371371080783,123.006594501195,130.565654676571,8.63522342041199,7.550161669665341,16.194283595787994,14.159385729799126
6211,Sales Assistants (General),5,569.428947215293,583.906932785986,609.1847504358419,14.477985570693022,2.542544709308412,39.755803220548955,6.981696911435353
6212,ICT Sales Assistants,5,16.0166655106878,16.551097815484002,17.3111435970734,0.5344323047962014,3.3367263893947134,1.294478086385599,8.082069801119362
6213,Motor Vehicle and Vehicle Parts Salespersons,4,35.9764464489664,37.0018640513816,38.6190535518162,1.025417602415203,2.8502470466886907,2.6426071028498015,7.345381113719538
6214,Pharmacy Sales Assistants,5,42.5134624134299,43.5389135866388,45.292012288905795,1.0254511732089,2.4120622386309387,2.778549875475896,6.535694148962469
6215,Retail Supervisors,4,52.0668946331762,53.3683833404796,55.6186334181054,1.301488707303406,2.4996472642985665,3.5517387849291993,6.821491486965094
6216,Service Station Attendants,5,12.8846518438647,13.197560880307199,13.730773390561,0.31290903644249823,2.4285408735471306,0.846121546696299,6.566894914581628
6217,Street Vendors and Related Salespersons,5,4.62586097009974,4.76841054562937,4.98558933370703,0.14254957552963,3.0815793308754893,0.35972836360728966,7.776462931602836
6219,Other Sales Assistants and Salespersons,5,15.4693359934891,15.9982131661411,16.7775145397912,0.5288771726520007,3.418874429223079,1.3081785463020985,8.456591458435572
6311,Checkout Operators and Office Cashiers,5,125.172897767401,125.92954559076901,130.461966248046,0.756647823368013,0.6044821497813627,5.289068480645,4.225410272496257
6391,Models and Sales Demonstrators,5,11.3743514825641,11.4198214886776,11.894413381443101,0.045470006113500716,0.3997591087562426,0.5200618988790016,4.572233411955061
6392,Retail and Wool Buyers,3,6.8658413816326105,6.8824101400452005,7.14562771400316,0.01656875841258998,0.24132160199497846,0.2797863323705494,4.07504800677495
6393,Telemarketers,5,5.31813268244772,5.37129930939237,5.606775290215049,0.05316662694465002,0.9997235894494378,0.2886426077673292,5.427517984272607
6394,Ticket Salespersons,5,21.1948592369475,21.237721183096202,22.3419442461551,0.04286194614870098,0.2022280293043078,1.1470850092076006,5.412090716828014
6395,Visual Merchandisers,4,8.2342677373462,8.25750658294093,8.58547206932201,0.023238845594731217,0.28222115597884123,0.35120433197581136,4.265155605554794
6399,Other Sales Support Workers,4,7.2721788102532905,7.2757515791106,7.54504722123615,0.003572768857309505,0.049129276803152,0.2728684109828592,3.7522236196686034
7111,"Clay, Concrete, Glass and Stone Processing Machine Operators",4,2.51872120328388,2.5583372803488302,2.66896862875613,0.03961607706495007,1.5728647145741688,0.15024742547224967,5.965226531477909
7112,Industrial Spraypainters,4,6.28310051790221,6.38298943703821,6.645384049584189,0.09988891913600018,1.5898029778672218,0.362283531681979,5.765999296839796
7113,Paper and Wood Processing Machine Operators,4,6.15375125259841,6.052713671307081,6.201653708880349,-0.10103758129132956,-1.6418860162517395,0.04790245628193901,0.7784269190554669
7114,Photographic Developers and Printers,4,0.9329178329503439,0.935159305108294,0.979009748750191,0.0022414721579501196,0.24026469199988224,0.04609191579984706,4.940619009723698
7115,Plastics and Rubber Production Machine Operators,4,7.30407503964044,7.3785019789947,7.67737690328395,0.07442693935426004,1.018978295681966,0.37330186364350926,5.110871145456987
7116,Sewing Machinists,4,6.04788916346742,6.173808175229611,6.50373535590522,0.1259190117621909,2.082032397729956,0.4558461924378001,7.537277554479043
7117,Textile and Footwear Production Machine Operators,4,1.6825059848182,1.6699558538984098,1.7414281589643001,-0.012550130919790181,-0.7459189466803746,0.058922174146100126,3.5020484133651895
7119,Other Machine Operators,4,13.6472250551511,14.149244721340699,14.877069986396,0.5020196661895984,3.678547574036765,1.2298449312448998,9.011684985591256
7121,"Crane, Hoist and Lift Operators",4,15.2405457197944,15.789906499492899,16.4354170089771,0.5493607796984996,3.6046004506583422,1.1948712891827018,7.84008204923269
7122,"Drillers, Miners and Shot Firers",4,64.1267538230051,66.5331220953732,67.86006916108839,2.4063682723680984,3.752518455884832,3.733315338083287,5.821775024489048
7123,Engineering Production Workers,4,23.0271175504189,24.4868971718921,25.7057300788484,1.4597796214731993,6.339393622657924,2.6786125284295004,11.632426518710206
7129,Other Stationary Plant Operators,4,25.454566406368098,26.223868369063702,27.201728938771698,0.7693019626956037,3.0222552229494806,1.7471625324035998,6.86384715618846
7211,"Agricultural, Forestry and Horticultural Plant Operators",4,16.1220716834281,16.0495479992991,16.760523135504698,-0.07252368412899912,-0.4498409730031552,0.6384514520765983,3.960108009771867
7212,Earthmoving Plant Operators,4,48.6442720473878,49.2314458223243,50.734370799653696,0.5871737749364954,1.2070769079748755,2.090098752265895,4.296700647981294
7213,Forklift Drivers,4,69.0850718975789,68.985658234081,71.47226837280469,-0.0994136634978986,-0.14390035468919093,2.3871964752257924,3.455444728732275
7219,Other Mobile Plant Operators,4,13.7615232051622,13.6820374504295,14.2743499940042,-0.07948575473270125,-0.5775941627078366,0.5128267888420002,3.7265263531992545
7311,Automobile Drivers,4,55.040482827532806,57.2126657883737,60.162563075136,2.1721829608408925,3.9465187244947373,5.1220802476031935,9.306023465769789
7312,Bus and Coach Drivers,4,40.249094066861396,41.8549586992933,43.9676353160941,1.6058646324319028,3.989815596257288,3.7185412492327075,9.238819743509017
7313,Train and Tram Drivers,4,17.539124558561603,18.0919779068279,18.638984781259797,0.5528533482662965,3.152114841424197,1.0998602226981937,6.2708957851679346
7321,Delivery Drivers,4,91.5958057396724,103.55266550647,111.106903358239,11.956859766797606,13.053938081816332,19.511097618566595,21.301300273529726
7331,Truck Drivers,4,189.199802352218,190.349915338305,196.851535960306,1.1501129860870094,0.6078827629776995,7.651733608087994,4.044260888731469
7411,Storepersons,4,175.683264210483,188.365596926457,199.001355750987,12.682332715973985,7.218862179598112,23.318091540503985,13.272801848995128
8111,Car Detailers,5,17.3699780357491,17.1172445541823,17.6856253680233,-0.25273348156679987,-1.455001733719236,0.3156473322741995,1.8172005262445736
8112,Commercial Cleaners,5,153.027959409055,153.587501939836,159.875206660774,0.5595425307809876,0.3656472535749426,6.847247251719011,4.474507324126185
8113,Domestic Cleaners,5,32.4935649477784,32.827824241722304,34.165148235789296,0.3342592939439015,1.0286938182409406,1.6715832880108934,5.1443517837989035
8114,Housekeepers,5,32.931633763246204,32.4924041168888,34.3227881781932,-0.43922964635740414,-1.3337620888023247,1.391154414946996,4.224371086318872
8115,Laundry Workers,5,14.182851003689601,14.1264837581347,14.7695233712395,-0.05636724555490069,-0.39743240297904153,0.5866723675498999,4.136491086293439
8116,Other Cleaners,"4, 5",13.3951282743445,13.4114503575992,13.9085947975757,0.01632208325469975,0.12185089176011255,0.5134665232311999,3.833233342114648
8211,Building and Plumbing Labourers,5,73.04346404459979,75.2256633649747,77.69469964826159,2.182199320374906,2.9875353653031453,4.651235603661803,6.367764268164764
8212,Concreters,5,36.4445576339498,37.2956055602272,38.517085962047595,0.8510479262774027,2.33518522799852,2.072528328097796,5.68679787230327
8213,Fencers,4,13.8538127221184,14.1095349224018,14.5884198745564,0.2557222002833992,1.8458615358292245,0.7346071524380005,5.30256303569889
8214,Insulation and Home Improvement Installers,4,27.3488858869323,28.1749721048472,29.1224458217901,0.8260862179148987,3.02054797160719,1.7735599348578006,6.484944001705142
8215,Paving and Surfacing Labourers,5,6.90754443495563,6.751129335639,6.943983060309289,-0.15641509931663045,-2.2644096001046594,0.03643862535365905,0.5275192320046669
8216,Railway Track Workers,4,5.7644205211378905,5.67971230828051,5.83558002126234,-0.08470821285738062,-1.4695009246247583,0.07115950012444916,1.2344605995261837
8217,Structural Steel Construction Workers,4,26.3765177281972,26.711106517782902,27.5861118379681,0.3345887895857018,1.268510093081838,1.2095941097709009,4.585874914328864
8219,Other Construction and Mining Labourers,"4, 5",7.89583182527222,7.86394045819795,7.972897806146969,-0.03189136707426954,-0.4039012960255146,0.07706598087474958,0.976033717284659
8311,Food and Drink Factory Workers,5,28.1354185056183,27.9054795585168,28.9098512186562,-0.22993894710150187,-0.8172579592359213,0.7744327130378998,2.7525189038267017
8312,"Meat Boners and Slicers, and Slaughterers",4,5.6022420766516,5.29129328210795,5.41397781161352,-0.3109487945436502,-5.550434813225725,-0.1882642650380797,-3.3605164229283577
8313,"Meat, Poultry and Seafood Process Workers",5,13.5745192652263,12.9613960683715,13.3037677089059,-0.6131231968548008,-4.516721254545137,-0.27075155632040016,-1.9945572364686353
8321,Packers,5,59.6328520047444,59.048711389910906,61.207565545261296,-0.584140614833494,-0.979561760331402,1.5747135405168962,2.640681247966493
8322,Product Assemblers,5,27.427151758289803,28.0314141163893,29.456894747406,0.604262358099497,2.2031538798659978,2.0297429891161975,7.400487688273033
8391,Metal Engineering Process Workers,5,7.9876581469831,8.0953446844757,8.40040650514786,0.10768653749259993,1.3481615701502276,0.41274835816475974,5.167326274731134
8392,Plastics and Rubber Factory Workers,5,1.4888229285889398,1.47370861896712,1.53657772162309,-0.01511430962181981,-1.015185172903314,0.0477547930341502,3.2075535724997675
8393,Product Quality Controllers,4,11.5269156013335,11.330635224084201,11.758806886689799,-0.19628037724929825,-1.7028005065517389,0.23189128535629955,2.0117375139753175
8394,Timber and Wood Process Workers,5,4.17172578290641,3.9824827453918803,4.02652403876649,-0.18924303751452998,-4.536324949495739,-0.14520174413992049,-3.4806157378532085
8399,Other Factory Process Workers,5,12.3948170479626,12.358455681997501,12.852203790495299,-0.036361365965099424,-0.29335944067908876,0.45738674253269807,3.690145169249441
8411,Aquaculture Workers,5,0.745719369369206,0.813712301858164,0.8801083174394619,0.06799293248895799,9.117764038564841,0.13438894807025592,18.02138359151563
8412,Crop Farm Workers,5,24.0002556979324,24.0295210270435,25.3316753071237,0.02926532911110158,0.12193757216354476,1.3314196091913004,5.54752260121129
8413,Forestry and Logging Workers,4,2.14429191831199,2.1587653305589303,2.27903331048672,0.01447341224694032,0.6749739680189603,0.13474139217473002,6.283724292576727
8414,Garden and Nursery Labourers,5,32.4256469428983,32.850009662805,34.149877213620606,0.4243627199067035,1.3087255303001604,1.724230270722309,5.31748918921706
8415,Livestock Farm Workers,5,28.3461534712295,27.6989771313213,28.8700460014767,-0.6471763399081993,-2.283118732723521,0.5238925302472026,1.8481961962808744
8416,Mixed Crop and Livestock Farm Workers,5,3.9853773071515803,3.91216901909293,4.08876081349451,-0.07320828805865043,-1.8369223894380453,0.10338350634292937,2.5940707334638633
8419,"Other Farm, Forestry and Garden Workers","4, 5",17.0993431054035,17.1961867308223,17.813071416526302,0.09684362541880276,0.5663587473614679,0.7137283111228037,4.174010116781978
8511,Fast Food Cooks,5,50.159240548347,51.275167683183795,53.7437989981845,1.1159271348367952,2.2247688015953635,3.584558449837502,7.146357103199065
8512,Food Trades Assistants,5,4.54992785091373,4.57969134989607,4.74723178469502,0.029763498982339875,0.6541532076461978,0.1973039337812903,4.336418955339416
8513,Kitchenhands,5,151.62699209886998,156.63460085556198,164.967004952952,5.007608756692008,3.302583984140992,13.340012854082033,8.797914322130413
8911,Freight and Furniture Handlers,5,14.7319944427054,14.490259474644,14.953536702912201,-0.24173496806139916,-1.6408841925751274,0.22154226020680134,1.5038171584194344
8912,Shelf Fillers,5,72.0204127935346,70.2469013344693,72.08001424977411,-1.773511459065304,-2.4625122104611363,0.059601456239505524,0.08275633799874033
8991,Caretakers,5,7.05343211213442,7.08127913529296,7.32738109026601,0.027847023158540374,0.3948010375067417,0.2739489781315898,3.8839103258724195
8992,Deck and Fishing Hands,4,6.29888078169052,6.22097002207944,6.48622892354444,-0.07791075961107996,-1.2368984635738722,0.1873481418539198,2.9743084263239306
8993,Handypersons,5,43.8254458491823,45.4047818443102,47.244491926116304,1.5793359951278987,3.603696356137278,3.419046076934002,7.80150894231643
8994,Motor Vehicle Parts and Accessories Fitters,4,14.2585875417107,14.366340441845999,14.9164723071517,0.10775290013529926,0.7557052886205544,0.6578847654410005,4.613954667785205
8995,Printing Assistants and Table Workers,4,2.52191708657186,2.41113000806055,2.51989044455353,-0.11078707851131009,-4.392970692859188,-0.002026642018329916,-0.08036116766569869
8996,Recycling and Rubbish Collectors,5,3.6225589789068797,3.68389113936359,3.7992431747913202,0.061332160456710305,1.6930617503767325,0.1766841958844405,4.8773311052552035
8997,Vending Machine Attendants,5,3.73274213753319,3.72719835134958,3.89598086312192,-0.005543786183610067,-0.14851779146131208,0.16323872558872976,4.373158379930505
8999,Other Miscellaneous Labourers,5,68.5910301566426,69.1554869235965,71.4984654792397,0.5644567669538958,0.8229308783740898,2.9074353225970953,4.238798157656083
