anzsic_level,nfd_indicator,code_text,anzsic_title,covid_adjusted,industry_1_digit_code,trend_data_for_feb_2026_000,qtr_change_to_feb_2026_000,qtr_change_to_feb_2026_pct,1_year_change_to_feb_2026_000,1_year_change_to_feb_2026_pct,5_year_change_to_feb_2026_000,5_year_change_to_feb_2026_pct,10_year_change_to_feb_2026_000,10_year_change_to_feb_2026_pct,share_of_national_emp_pct,share_of_level_1_group_pct,female_share_2025_4_quarter_avg_pct,part_time_share_2025_4_quarter_avg_pct,female_part_time_share_2025_4_quarter_avg_pct,male_part_time_share_2025_4_quarter_avg_pct,median_age_2025_abs_customised_report
1,N,A,"Agriculture, Forestry and Fishing",,A,292.171319278372,-1.98138094541025,-0.673589242561051,-7.86869314541258,-2.62254793347316,-34.0235252682065,-10.4304301055096,-22.8944450268868,-7.26656070594362,1.97637648923539,,32.263499955647,27.5814386282854,45.7692360153457,18.9184282886443,51
1,N,B,Mining,,B,314.513722176692,0.730581442388882,0.232830049657609,2.24314584255137,0.71833403866752,30.0191483505719,10.551747243137,82.2170345005661,35.3931152971046,2.12751041952782,,20.1313268074103,5.31029112879823,10.4792508604421,4.00742714540288,42
1,N,C,Manufacturing,,C,868.055952694937,1.4355132826247,0.165644983356055,-8.69495685755817,-0.99172487451381,-14.1052700578356,-1.59894469333171,-21.8554593729987,-2.45591404679393,5.87191576669621,,29.7424875903427,16.8690320210021,33.8942808299297,9.66164260876106,43
1,N,D,"Electricity, Gas, Water and Waste Services",,D,216.280394767176,4.1823626688828,1.97190074207975,16.603581938514,8.31522784408678,61.4654098063371,39.7024938005096,72.3529917806334,50.2704768371303,1.46301659025311,,28.0432988658696,9.68621876373654,16.3130850656125,7.10356573229864,41
1,N,E,Construction,,E,1371.49557259635,10.6345255330007,0.781455649417648,21.9529155621155,1.62669297244442,219.710405361481,19.075641153545,318.637018245179,30.2639910107908,9.27740481668321,,12.9194157171892,14.3843455239572,37.8914723093156,10.8967903386314,37
1,N,F,Wholesale Trade,,F,328.930229359345,-5.23982504654174,-1.56801154904724,-20.3559426152161,-5.82786959476273,-46.2795989231221,-12.3343248056609,-46.3187687836567,-12.3434756689225,2.22503007314427,,32.3034273049105,16.5259017564883,28.8347319056412,10.6523784139913,43
1,N,G,Retail Trade,Y,G,1338.34475468562,0.785668317094633,0.0587389615233914,2.36038787319239,0.176677806404586,75.359893810971,5.96680895753434,84.6282300009166,6.75018860600883,9.05315796973221,,55.123079574584,50.3682331294596,58.9302060005779,39.8514171735589,33
1,N,H,Accommodation and Food Services,Y,H,967.227276048945,1.32314183190351,0.136984798494112,8.91224112055522,0.929990743724603,,0,130.815923868225,15.6401420816632,6.5427546168863,,51.6598748234231,60.7678298761266,66.1664956479113,54.998411666449,26
1,N,I,"Transport, Postal and Warehousing",Y,I,754.545381945292,6.01865022398817,0.804066170108281,15.3044305956762,2.07028987879192,100.700849413027,15.4013445708607,133.833610990802,21.5613135199614,5.10407988238224,,22.3988659306169,22.9876511639037,33.5948424298387,19.9259812844011,43
1,N,J,Information Media and Telecommunications,,J,178.08024654109,-1.10943776706574,-0.619141537834187,-4.29236771950019,-2.35362515194681,-17.5673416070746,-8.97907394277242,-31.3945285580447,-14.9872597037935,1.20461383181052,,40.6165477684596,21.876557154436,30.5449056051061,15.9476598759422,38
1,N,K,Financial and Insurance Services,,K,546.041065691228,-2.32234506677821,-0.423504745432964,-3.56867765920879,-0.649311207158378,62.4541673912541,12.9147765604917,112.519110900803,25.9546511214635,3.6936641387479,,52.0478446276338,13.8300918247441,19.2664147387077,7.92944173194731,41
1,N,L,"Rental, Hiring and Real Estate Services",,L,226.162822857681,-1.41600970108132,-0.622206241749526,-4.32862857276692,-1.87799961599578,9.1343402664578,4.20882096091621,14.0922643388366,6.64508286169501,1.52986572035553,,47.80002887928,23.8968779464923,31.6653085176792,16.7832493953574,42
1,N,M,"Professional, Scientific and Technical Services",,M,1401.1627653506,20.9535616516143,1.51814388684399,80.8318032019652,6.12208647068487,236.696896772604,20.3266495961491,393.391798061416,39.0358336199746,9.47808687680446,,44.4622200967367,20.0264799030216,30.9211763952534,11.3044460977144,40
1,N,N,Administrative and Support Services,,N,434.186651598997,0.691662342529298,0.159554864455444,2.70492242575807,0.626891532798148,11.5422730891082,2.73096571869774,21.2170247435268,5.13767196514729,2.93703123318039,,51.6161155094628,40.0139838251502,47.3977593605912,32.136943458783,41
1,N,O,Public Administration and Safety,,O,976.235950763883,-3.56008562466536,-0.363349665894502,-2.69504223256354,-0.275304618185004,97.8922412635815,11.1450950470487,226.754024243469,30.2547688236072,6.6036932913248,,50.406084996595,15.1439327329773,21.0297130978249,9.16176445653341,42
1,N,P,Education and Training,,P,1318.11233013539,9.6995876745948,0.741324763954248,52.8095258684796,4.17366702186962,223.453726340937,20.4130973407025,380.674820043324,40.608020902208,8.91629686953915,,70.3566146463681,39.1559932418631,43.8501633478781,28.014690948165,42
1,N,Q,Health Care and Social Assistance,,Q,2408.9784472911,25.3237533247479,1.06239185519819,94.9801734625767,4.10459137056448,611.835215563455,34.044877712684,878.782950700331,57.4294560831105,16.2953994870549,,75.8126248802165,43.4238127406801,47.8494029089364,29.5522947811911,40
1,N,R,Arts and Recreation Services,Y,R,262.736946802713,-0.133653418032736,-0.0508438060096872,0.208131468172894,0.0792794756292457,,0,38.0619306273686,16.9408825579715,1.77726932882016,,48.2433919667846,47.6245889031064,56.1528438607962,39.6752282157686,35
1,N,S,Other Services,Y,S,579.919454444181,6.41369240099971,1.11833094372935,31.6512642224963,5.77295286996287,59.9545143438262,11.5304917158943,105.592027325007,22.2614213911937,3.92283259782145,,44.2157778201366,33.2275514745351,51.0472851107233,19.103246230736,38
