state,anzsic_level,nfd_indicator,code_text,anzsic_title,covid_adjusted,industry_1_digit_code,trend_data_for_feb_2026_000,qtr_change_to_feb_2026_000s,qtr_change_to_feb_2026_pct,1_year_change_to_feb_2026_000s,1_year_change_to_feb_2026_pct,5_year_change_to_feb_2026_000s,5_year_change_to_feb_2026_pct,10_year_change_to_feb_2026_000s,10_year_change_to_feb_2026_pct,share_of_state_emp_pct,share_of_industry_emp_pct
ACT,1,N,A,"Agriculture, Forestry and Fishing",,A,0.731449633026435,0.0049287559297515,0.67840527163483,0.0198702571472348,2.79241611277503,0.0185492386676671,2.60193974003221,0.0724702023223939,10.9973390588183,0.262678004137799,0.248968088385537
ACT,1,N,B,Mining,,B,0.250845714041026,0.00678173816959013,2.77867233186536,0.0259488483078585,11.5381102458964,0.0789536496647221,45.9321085887233,0.134338750335857,115.305339752749,0.0900836483274802,0.0798456908409203
ACT,1,N,C,Manufacturing,,C,4.40933790998544,-0.0264846908774503,-0.597063797643717,-0.100969788175733,-2.23864523072112,0.197235444379424,4.68258894435624,0.043498008645515,0.996326242567093,1.58348029647894,0.492077855848261
ACT,1,N,D,"Electricity, Gas, Water and Waste Services",,D,2.2816325177155,0.0134538850785231,0.593158091031023,0.059261801177211,2.66660286405866,0.425279219094668,22.9093901150512,0.270150610227552,13.4304270509164,0.819379283095149,1.08085387475276
ACT,1,N,E,Construction,,E,18.3307070713511,0.116115107286166,0.637483988196094,0.449388629023908,2.51317390534331,1.1641385161325,6.7814281717857,3.23902092661461,21.4622865566567,6.58291881016383,1.32922806677702
ACT,1,N,F,Wholesale Trade,,F,1.93371704119494,-0.0464197805050941,-2.34427136531104,-0.17293104056818,-8.20882434352529,-0.275201050364014,-12.4586353570851,-0.510656805159189,-20.8911090224947,0.694435966625169,0.576818296323463
ACT,1,N,G,Retail Trade,Y,G,16.7929397689573,-0.0661797002798643,-0.392545413778118,-0.255464018670775,-1.49846297549665,-0.166282263207187,-0.980482848162605,0.577013792894949,3.55831541008959,6.030676211928,1.24349246794636
ACT,1,N,H,Accommodation and Food Services,Y,H,15.4789111124564,-0.0537532592771868,-0.346065929133235,-0.209339318870414,-1.33437007387643,,0,1.42516226521826,10.1407978804057,5.5587825786762,1.59969109087245
ACT,1,N,I,"Transport, Postal and Warehousing",,I,5.76849297882712,-0.00169919089909509,-0.0294477349993651,0.0116748662150972,0.202800678894473,-0.081060635268404,-1.38575762555752,0.557047583666202,10.6889268029835,2.07157971532738,0.765976021642168
ACT,1,N,J,Information Media and Telecommunications,,J,3.58712749894821,0.00256190407842327,0.0714704197934013,0.0135616430487033,0.379498898175187,0.205043321414597,6.06263211237174,-0.147895287939793,-3.95968904015758,1.28820830507885,1.97911454562061
ACT,1,N,K,Financial and Insurance Services,,K,4.5023718934153,-0.0248270964137447,-0.548398611802178,-0.0821414808716723,-1.79171646291571,0.368339855444606,8.90994196613473,0.432435464589306,10.6251159484092,1.61689063668682,0.809857467389534
ACT,1,N,L,"Rental, Hiring and Real Estate Services",,L,3.67136572922647,-0.0153440217401881,-0.416198257434421,-0.0128841521655927,-0.349708966014122,0.852080138291138,30.223264398285,0.755679637388155,25.9177296041394,1.31845991667655,1.59522891904339
ACT,1,N,M,"Professional, Scientific and Technical Services",,M,38.9128239030047,0.265269814082366,0.686381894885299,1.06994996022346,2.8273485830945,7.61816153699397,24.343325541892,16.227129572564,71.5302310619151,13.9743633145517,2.76357174901493
ACT,1,N,N,Administrative and Support Services,,N,8.09291647858376,0.0585633541364921,0.728911876654923,0.247020559886096,3.14840475129701,0.989516702943737,13.9301846185981,2.05076571682102,33.9409888577941,2.90632608489047,1.83732834482382
ACT,1,N,O,Public Administration and Safety,,O,77.2369881377607,0.232662278751874,0.302141829249785,0.80266762632597,1.05014033088171,5.28700609535265,7.34816874900182,11.9462540199856,18.2970128631672,27.7373273204016,7.81234152245546
ACT,1,N,P,Education and Training,,P,26.4528866496494,0.277368505474126,1.0596485767593,1.12996504217009,4.46222224941195,4.60227096952057,21.0624315437753,7.81126601896866,41.9022904377355,9.49975385189949,2.00902618171936
ACT,1,N,Q,Health Care and Social Assistance,,Q,37.4371682180667,0.384766518093073,1.03843880677065,1.57526063954874,4.39257347395642,7.90267796031758,26.7574550681271,14.3785293842631,62.356366687111,13.4444262244061,1.55942260600767
ACT,1,N,R,Arts and Recreation Services,Y,R,5.46192542386938,-0.0245431175714543,-0.44733907405234,-0.0697396649539508,-1.26073548984119,,0,0.66840633936656,13.9439590743986,1.96148525381741,2.03745093940054
ACT,1,N,S,Other Services,Y,S,7.12504569187161,-0.0457638958382018,-0.638197058204383,-0.193752030813155,-2.64732047741416,-0.922597059406819,-11.4641900482009,0.264126023489503,3.84971747602151,2.55874457683106,1.27284814822806
NSW,1,N,A,"Agriculture, Forestry and Fishing",,A,73.3776601483782,-0.490409268329572,-0.663898856707698,-2.03347201221156,-2.6965143659178,-8.4952634240868,-10.3761574076046,-8.58807849880456,-10.4776442456909,1.60348248216268,24.9760133199562
NSW,1,N,B,Mining,,B,35.8440623922389,0.108050745853724,0.302358156032932,0.379947597407742,1.0713579053244,-0.487628737818326,-1.34215810674145,-3.79347605641451,-9.57041280787046,0.783280987963902,11.409379407556
NSW,1,N,C,Manufacturing,,C,273.322002282829,3.83956767122606,1.42479329933319,12.5149604678781,4.79855159614816,19.1005541013485,7.51335272376911,0.982201175509488,0.360652821040447,5.97275849030775,30.5024717055381
NSW,1,N,D,"Electricity, Gas, Water and Waste Services",,D,48.7668718417731,0.411097458687841,0.850151742852954,1.62370175354459,3.44419297748929,6.35236794702324,14.9768766900738,9.36990197514176,23.7833061955304,1.065676181961,23.1018194124126
NSW,1,N,E,Construction,,E,431.877363401279,2.82881134508523,0.659321965201442,11.5195125416568,2.74040618442111,60.6265921464151,16.3303612653763,100.412308090558,30.2934823691838,9.43758339058814,31.3170414323973
NSW,1,N,F,Wholesale Trade,,F,102.378630528191,-1.5817091144642,-1.52145435451735,-6.07712037361703,-5.60331777991103,-18.3919704474148,-15.228847334402,-29.5027946850712,-22.370697493876,2.23722506642763,30.5390426743657
NSW,1,N,G,Retail Trade,Y,G,415.462839148175,0.173887465184691,0.0418714402297483,0.570283849906616,0.137453382236911,11.4622342138934,2.83718243831787,33.483023341,8.76565251759335,9.07888563380952,30.7644116098942
NSW,1,N,H,Accommodation and Food Services,Y,H,295.083406185932,-0.120514572109755,-0.040824177334871,-0.783971607098749,-0.264973993735519,,0,26.1912895584164,9.74044530829368,6.44829872796774,30.4958334930978
NSW,1,N,I,"Transport, Postal and Warehousing",Y,I,240.398148364922,1.03350504006232,0.431770133511187,3.87353290604807,1.63768701136376,23.0461900226664,10.6031664947672,42.0983325241199,21.2296377309382,5.25329124515585,31.9215465756095
NSW,1,N,J,Information Media and Telecommunications,,J,71.0070870049535,-0.0859540568901451,-0.120903615327658,-0.417076029566331,-0.583942480872692,-5.77856980779632,-7.52558491736027,-11.7740241210703,-14.2230805565606,1.55167962417456,39.1765162445041
NSW,1,N,K,Financial and Insurance Services,,K,246.821742189385,0.462080271942455,0.187563283837149,2.20799994693627,0.90264754821003,31.8897688222717,14.8371451314051,64.0901257028072,35.0733643882118,5.393662580917,44.3966948440015
NSW,1,N,L,"Rental, Hiring and Real Estate Services",,L,81.4595804372377,0.135585621119318,0.166722775271789,0.675321939796873,0.835957341637624,8.44269691722418,11.5626640171654,11.2444125635112,16.0142215763594,1.78009233288858,35.3946427652691
NSW,1,N,M,"Professional, Scientific and Technical Services",,M,500.710620392252,6.75744395229952,1.3680333024685,24.4557542572438,5.13501404315543,76.7432521548437,18.1012167219129,140.972396051783,39.1874942703785,10.9417594784061,35.5602494539317
NSW,1,N,N,Administrative and Support Services,,N,129.205689941287,0.204868497799794,0.158811777713789,0.545595953106982,0.424059967776104,-2.69108425390272,-2.04029573150914,0.273273497985855,0.211950962779037,2.82346234531949,29.3334642795162
NSW,1,N,O,Public Administration and Safety,,O,283.599214811991,0.811399175265024,0.2869286194096,3.72076041614014,1.32942009565253,33.2447552325137,13.2790745123355,78.2579735478529,38.1111816925207,6.19734087986135,28.6854002859324
NSW,1,N,P,Education and Training,,P,409.423371453656,4.08834641942798,1.00863388725974,17.1329817598556,4.36742326857117,70.4656658354105,20.7889257767083,111.254042577037,37.3123697853824,8.94690839945555,31.0946129831584
NSW,1,N,Q,Health Care and Social Assistance,,Q,688.010122224415,1.95348499243471,0.28474106748918,-6.48252715238755,-0.933419116560067,149.150375824337,27.6788861704286,197.869435302434,40.3699265500745,15.0347146026001,28.6586456408603
NSW,1,N,R,Arts and Recreation Services,Y,R,81.255358400536,0.26737980580657,0.330147523677015,1.12458023927898,1.40343107240997,,0,14.0958193970154,20.9885588944803,1.77562957872525,30.3105211911182
NSW,1,N,S,Other Services,Y,S,168.139776699686,0.711343868532055,0.424864437003614,2.77059403489298,1.67539924322481,8.45719740400978,5.29625550971971,18.7767895262428,12.5712466532548,3.67426797130773,30.0371973277068
NT,1,N,A,"Agriculture, Forestry and Fishing",,A,3.26049903697493,-0.00561461976078403,-0.171905216746055,-0.0248274072300756,-0.755705944347438,-0.112027180548008,-3.3217586260987,1.07926146389744,49.479317485565,2.24153508070719,1.10979645865677
NT,1,N,B,Mining,,B,4.03017065803021,0.0196301766336422,0.489464617666856,0.0761700439902429,1.92640445526934,0.171477823558105,4.44393557388623,-1.22614264081918,-23.327046374644,2.77067062703167,1.2828274209405
NT,1,N,C,Manufacturing,,C,3.31661018450687,0.00340730423549074,0.102840192967949,0.00378705205622065,0.114314948453623,-0.144264984111273,-4.16845384714857,-0.442254407485055,-11.7656381777427,2.28011049636757,0.370130496141094
NT,1,N,D,"Electricity, Gas, Water and Waste Services",,D,2.71843383571196,0.0376087676606094,1.40288033370065,0.151391611545394,5.89751154539525,0.577202474315492,26.9565673622047,0.4000185820531,17.2539661055888,1.86887489866681,1.28777518806149
NT,1,N,E,Construction,,E,11.9571190325065,0.12644078104689,1.06875344218993,0.513186324353457,4.48435286575783,1.48112842120527,14.1383137515174,-2.56777053017505,-17.6784168932504,8.22030660693641,0.867055381657454
NT,1,N,F,Wholesale Trade,,F,2.05202727115565,0.0154161104501451,0.756949129396149,0.0567652731130461,2.84500347166107,0.0483476596923,2.41294363708129,-0.684700663755289,-25.0189525608643,1.41073224150705,0.61210965686368
NT,1,N,G,Retail Trade,,G,10.6686094353783,-0.00388912585772694,-0.036440631361177,-0.00428301597015945,-0.0401298522371816,0.00465324231392472,0.0436352347072758,0.261901830188764,2.51666367620592,7.33447918265649,0.789994822757473
NT,1,N,H,Accommodation and Food Services,Y,H,10.1099060788787,0.0398111251094715,0.395340116376661,0.128578654330314,1.28819192940293,,0,0.624833834774909,6.58754955886947,6.95038056489869,1.04482328029681
NT,1,N,I,"Transport, Postal and Warehousing",Y,I,6.03149131038515,-0.0229016927813976,-0.378265711681083,-0.0945461283941889,-1.54334885052593,-0.240545530286935,-3.83520595298607,-0.53719956057633,-8.1781830067716,4.14654297022963,0.800898559720096
NT,1,N,J,Information Media and Telecommunications,,J,1.10102573248893,-0.0166760201959426,-1.49199195186771,-0.0613594833384035,-5.27875634539368,-0.238164764263127,-17.7842334485458,-0.296785570834027,-21.2321627481829,0.756935602847179,0.607465456109481
NT,1,N,K,Financial and Insurance Services,,K,1.16495040174476,0.00313832536759584,0.270123321267409,0.00994235090094953,0.860803601644681,-0.0965649098868402,-7.65467600721759,-0.457296779212564,-28.1890937817937,0.800882675683147,0.209543725912827
NT,1,N,L,"Rental, Hiring and Real Estate Services",,L,2.09977897431948,0.0174967221281492,0.840266592568619,0.0712100721689497,3.51036004216855,0.16442097819874,8.49563639018247,-0.164769981442974,-7.27606179692844,1.4435606878864,0.912365694533911
NT,1,N,M,"Professional, Scientific and Technical Services",,M,7.00323164943247,-0.0481606512832871,-0.682994921136333,-0.173265581053404,-2.41434749416985,0.0739122671638723,1.06665984184545,0.351470035764713,5.28386397736394,4.81459716518924,0.497366451389418
NT,1,N,N,Administrative and Support Services,,N,4.22315028875303,-0.0075970747520806,-0.179568149533432,-0.0379207983972298,-0.889935831194751,-0.289829312860959,-6.42212769491152,0.00163184483359746,0.0386553998348137,2.90334068987225,0.958778426851464
NT,1,N,O,Public Administration and Safety,,O,22.1182194066582,0.0230764730217388,0.104441383751396,0.113098975950887,0.513966630207857,0.845560610655582,3.97487036653111,0.223074554559997,1.01883114300849,15.2058823390427,2.23720639604974
NT,1,N,P,Education and Training,,P,15.0561631996293,0.0601072790303281,0.400820584749641,0.257723919396545,1.74156148845239,1.98535604326899,15.189238273651,3.2175921875099,27.1788899539985,10.3508443370478,1.14347543483296
NT,1,N,Q,Health Care and Social Assistance,,Q,27.5218278299898,0.27462764413821,1.00791142673372,1.13154651966204,4.2877395142401,6.17387477308619,28.9202189860056,11.0989149074934,67.5818897650603,18.9207669950248,1.14640509738194
NT,1,N,R,Arts and Recreation Services,Y,R,5.00550204624364,0.0364835624109494,0.734220702330916,0.14618110623958,3.00826201941414,,0,1.25837692103529,33.5824633282115,3.44119360440498,1.86719225453385
NT,1,N,S,Other Services,Y,S,6.01959320433763,-0.002801182918164,-0.0465127777764221,-0.0324198547266334,-0.535687124436676,-0.627105715157458,-9.43484461614662,-0.0774295271571361,-1.26995634700796,4.13836323399998,1.0753654635462
QLD,1,N,A,"Agriculture, Forestry and Fishing",,A,63.8772488733633,-0.307876696360267,-0.479669851273913,-1.28978388862035,-1.97919689443458,-6.90590337493518,-9.75642247566219,5.16350521714052,8.79437231489372,2.09931811908701,21.7422988887517
QLD,1,N,B,Mining,,B,83.5075233570561,0.583275118088693,0.70338306403193,2.23319100436774,2.74771990088685,9.35102433244393,12.6098514026941,19.6456375847226,30.7626956942032,2.74446473440175,26.5809440609694
QLD,1,N,C,Manufacturing,,C,172.571676950969,-0.689115915706594,-0.397733326914226,-2.69409991406454,-1.53715115537883,-3.79508885874648,-2.15181632510122,4.89410517838809,2.91875957329935,5.6715474547538,19.2588326201681
QLD,1,N,D,"Electricity, Gas, Water and Waste Services",,D,49.9620385119077,0.881489275076603,1.79600531938448,3.68943286646685,7.97325505016242,18.0764900901306,56.6917960795831,19.4649172170045,63.8254247959385,1.64199640035387,23.6679932008559
QLD,1,N,E,Construction,,E,289.549608699029,1.36667851022236,0.474239924386555,6.15387158636565,2.17147641282945,47.1019557220223,19.4276806327712,68.3026538319664,30.8716808658479,9.516013144547,20.9963240975345
QLD,1,N,F,Wholesale Trade,,F,64.8618186399469,-0.437727146560817,-0.670337199575531,-1.77338943225735,-2.66133997861273,-5.76413456148531,-8.16149630582036,-2.33347878042535,-3.47268167566424,2.13167588631947,19.3479619444301
QLD,1,N,G,Retail Trade,Y,G,281.226677114734,-0.24625692030304,-0.0874886678348926,-0.899140837825541,-0.318702075673463,22.3604159204236,8.6378255000328,25.0542355880494,9.78022282129034,9.24248099676349,20.8244214288316
QLD,1,N,H,Accommodation and Food Services,Y,H,219.528994667691,1.36653604119766,0.62638459879903,5.39635532423833,2.52009938362688,,0,47.2799618993574,27.4486080644333,7.21479406673411,22.6875504618336
QLD,1,N,I,"Transport, Postal and Warehousing",Y,I,165.271235055901,0.852015647844865,0.51819711279028,3.53627043908313,2.18646008144327,21.9887932839278,15.3464674470873,31.2284466937407,23.2973717387666,5.43161930791014,21.9457323749307
QLD,1,N,J,Information Media and Telecommunications,,J,24.4861557033845,-0.250745767438087,-1.01365066976494,-1.0209048327708,-4.0024401530851,-4.05194514436302,-14.1983699825731,-7.44581091357389,-23.3177336143762,0.804734568904332,13.509669487106
QLD,1,N,K,Financial and Insurance Services,,K,77.9187590103708,0.230730753443126,0.296996536815247,0.973450900004096,1.26512054329268,7.60345412875994,10.8133700644003,15.800466955057,25.4360936726776,2.56079066478795,14.0155212248376
QLD,1,N,L,"Rental, Hiring and Real Estate Services",,L,51.3672821265561,0.0165199440047559,0.0321707863770896,0.159482577090358,0.311441964883301,1.50181071738885,3.01172469636527,2.14638943173541,4.36072837005102,1.688179563123,22.3193710418514
QLD,1,N,M,"Professional, Scientific and Technical Services",,M,239.642512204394,1.7778606993642,0.747425348035205,6.79696979855024,2.91908950814411,43.079719602062,21.9165178881117,64.909496795576,37.147814706745,7.87582240699787,17.0193064949956
QLD,1,N,N,Administrative and Support Services,,N,93.9413154441716,0.458971208021779,0.490971008239109,1.71726936414134,1.86206248493059,7.67725571276473,8.89971528892653,9.33734314337543,11.0365304245739,3.0873700593116,21.3274215880474
QLD,1,N,O,Public Administration and Safety,,O,203.631242903056,1.38189063779959,0.683260847227431,5.88447855948593,2.97576477623779,34.1830939261656,20.1731881596579,48.6739304781103,31.4111865496413,6.6923163626863,20.5968261134591
QLD,1,N,P,Education and Training,,P,258.332858780064,1.95474273108334,0.762445235657279,7.09371816081239,2.82349244760504,34.9958001438772,15.669499883978,66.3259584473474,34.5435285567421,8.49007840440482,19.6196915581021
QLD,1,N,Q,Health Care and Social Assistance,,Q,527.378968724144,7.04617529926156,1.35416706159974,28.6617934293839,5.74710373919722,137.186169981174,35.1585601843828,217.473721916847,70.1742626681229,17.3322465227473,21.9676520662841
QLD,1,N,R,Arts and Recreation Services,Y,R,49.4292152455713,0.222232765853853,0.451628518260503,0.880465176329643,1.81356919606354,,0,7.37954413886982,17.549588248013,1.6244852276434,18.4384796972521
QLD,1,N,S,Other Services,Y,S,126.276624416652,1.1875144897129,0.949334830511219,4.79678612055886,3.94862735071088,17.6585728610615,16.2574936745426,23.4785474476231,22.8394811847471,4.1500661085228,22.5585876223349
SA,1,N,A,"Agriculture, Forestry and Fishing",,A,37.8341086354254,0.134066042950792,0.355612444261677,0.516843752746567,1.38499901954622,2.48273458919762,7.02302146997464,-0.118046656914771,-0.311040719573037,3.83104670941425,12.8778322900494
SA,1,N,B,Mining,,B,16.7458989271961,0.119638774621276,0.719577184065338,0.505529887087498,3.1127980271815,3.24808997657521,24.0638313111239,6.07120491978631,56.8747442837423,1.69567417589821,5.33031976928863
SA,1,N,C,Manufacturing,,C,68.0272067695134,-0.144824876721799,-0.212440311993837,-0.531327947786352,-0.774998984411315,-1.10578302307418,-1.59950123145512,-4.878812940424,-6.69192058465783,6.88837179055314,7.59177063084261
SA,1,N,D,"Electricity, Gas, Water and Waste Services",,D,15.2659777450272,0.175478982192729,1.16284415081698,0.753211759399314,5.18999452030871,3.7951653172004,33.0854099574829,4.25652859514492,38.6625028845374,1.54581873117836,7.23179174099567
SA,1,N,E,Construction,,E,86.0719233086759,0.520336867001319,0.608214164860709,2.17738378680096,2.59538201080801,12.4274061080583,16.8748558350982,22.9246917772687,36.3035579253649,8.71556303181691,6.24139678726199
SA,1,N,F,Wholesale Trade,,F,24.1643074684639,-0.0907239402930564,-0.374041734946184,-0.37267066515339,-1.51881239459885,-0.280684761189622,-1.14823011008828,1.3097238083798,5.73068329687955,2.44685533639485,7.20809423967348
SA,1,N,G,Retail Trade,Y,G,89.0014571246845,-0.244352697288946,-0.273797389229117,-0.94094920411581,-1.04616859001526,-1.25688997292087,-1.39254707552053,-1.65943086433317,-1.83037128925341,9.01220490579591,6.59042687542894
SA,1,N,H,Accommodation and Food Services,Y,H,62.5715410757636,0.520277898816715,0.838464637429021,1.94973525252602,3.2162276033332,,0,8.25287994410129,15.1934524381911,6.33593614828366,6.46654897581966
SA,1,N,I,"Transport, Postal and Warehousing",,I,45.3243190479037,0.416355146113979,0.927129867264782,1.63650678128045,3.7459114942469,6.10626889719756,15.5700471434264,7.15354984325454,18.7409108915291,4.58949846071775,6.01844220238827
SA,1,N,J,Information Media and Telecommunications,,J,8.49589959220608,-0.102164023961118,-1.18822130798167,-0.427079105822804,-4.78628404567577,-1.99416015760605,-19.0099980854901,-2.72328612600915,-24.2734739793788,0.860286903806132,4.68741589642338
SA,1,N,K,Financial and Insurance Services,,K,25.7404173775593,0.00870837427516946,0.0338429688990265,0.0711877853996263,0.277327315742151,2.32879444066858,9.94717216720159,4.05622494280835,18.7059073332511,2.60645076228685,4.63001940320102
SA,1,N,L,"Rental, Hiring and Real Estate Services",,L,12.3740843527981,0.0827908380523468,0.673573029177304,0.325121084082614,2.69833243600943,0.994436912979735,8.73873218163254,0.963790961252258,8.44667992469281,1.25298829156012,5.37660877779803
SA,1,N,M,"Professional, Scientific and Technical Services",,M,70.6746226026141,0.239328530829724,0.339784952960956,0.938834231216617,1.34627320224243,7.89391955667736,12.5737992307945,19.1894732991798,37.2718610294479,7.15644665954463,5.01928081302253
SA,1,N,N,Administrative and Support Services,,N,33.5134176831122,0.0356066123473653,0.106358842494513,0.133429903847869,0.399730235763465,0.519918079260997,1.57581973874729,2.95033119272644,9.65325015081357,3.39353755557742,7.608524368693
SA,1,N,O,Public Administration and Safety,,O,65.7487170928288,0.278695455545204,0.425684074291635,1.07523618950491,1.66256118348138,5.31206382923055,8.78947384141483,10.3652739538776,18.7154740955202,6.65765404159252,6.65032965392604
SA,1,N,P,Education and Training,,P,81.2288119648979,0.4258347787068,0.52700382279921,1.80098061705067,2.26744276721271,9.10928379188691,12.6308144585114,19.0039832619233,30.5408366050107,8.22515407423585,6.16911160240432
SA,1,N,Q,Health Care and Social Assistance,,Q,192.652331028408,2.97783554567295,1.56997151256111,11.7210123777769,6.47815561462277,51.6333279917322,36.6144469042257,72.7167886840525,60.6298910753828,19.5077961518643,8.02481636313481
SA,1,N,R,Arts and Recreation Services,Y,R,15.1094706778818,0.0305504375270633,0.202603615113655,0.224803705194184,1.51030389599367,,0,1.81970622056213,13.6925392952309,1.52997097088446,5.63625513668884
SA,1,N,S,Other Services,Y,S,37.0213280159288,-0.190953305171433,-0.51314592492656,-0.685740346021504,-1.81859894128888,0.107343436545406,0.290793415472569,4.46766944860958,13.7240164246691,3.74874529859463,6.61364584142625
TAS,1,N,A,"Agriculture, Forestry and Fishing",,A,14.4901498996233,-0.0297960589288255,-0.205207781171361,-0.138293084611986,-0.94537118380282,-0.50381834227111,-3.36014011863383,1.67265641955577,13.0497934105206,5.09338364395796,4.93210298842097
TAS,1,N,B,Mining,,B,3.55096933138182,0.0163104841528865,0.461444367273901,0.0670220733343361,1.92373960827115,0.417127399750923,13.3104160596206,0.169619399350827,5.01632196490668,1.24818923461424,1.13029477303619
TAS,1,N,C,Manufacturing,,C,19.1282567543158,-0.0530340544189478,-0.276488454024154,-0.205281305729144,-1.06178861360809,-0.0256262374522009,-0.133791343839861,0.855618559948635,4.68251245850417,6.72370891707568,2.13469499546924
TAS,1,N,D,"Electricity, Gas, Water and Waste Services",,D,5.74640791630169,0.0673083324442176,1.18519373450569,0.27428796723833,5.01246262493347,1.51312030625356,35.7433854166208,1.81661685823517,46.2268052268651,2.01990043547876,2.72218563419821
TAS,1,N,E,Construction,,E,26.0196350331648,0.174175186235409,0.673910184871803,0.683880994101056,2.69927231313747,3.68023906877576,16.4742102903874,6.3939071235233,32.5792100703801,9.14607401702049,1.88678096479058
TAS,1,N,F,Wholesale Trade,,F,4.85225822925156,-0.03285811586065,-0.672616853711706,-0.138600375042759,-2.7770847870445,-0.593917656537274,-10.9052235732422,-0.943670564444485,-16.2816107311544,1.70560089939254,1.44740479888868
TAS,1,N,G,Retail Trade,Y,G,27.6759115243543,-0.00328030143136004,-0.0118511459872327,-0.0126199183247522,-0.0455781425276309,0.105722784048936,0.383467755860437,0.730222519244077,2.70997902152582,9.72826617159002,2.04936050492493
TAS,1,N,H,Accommodation and Food Services,Y,H,20.3820494000056,-0.137988063228356,-0.672455220784031,-0.559728503612469,-2.6727840691872,-1.72758828894855,-7.81373405232978,0.798076922239176,4.07515340998987,7.16442533469102,2.10641320969101
TAS,1,N,I,"Transport, Postal and Warehousing",Y,I,11.5760050161527,-0.00607906631375599,-0.0524868086820297,-0.0347741525266461,-0.299498871018502,-0.47430471475041,-3.93603754046298,0.26481633174455,2.34118923424542,4.06904241985656,1.5371332341615
TAS,1,N,J,Information Media and Telecommunications,,J,2.95608611346797,-0.0227419489793843,-0.763452891628122,-0.0830523222314024,-2.73275877320442,-0.186555157647362,-5.93625366541287,-0.827582940447019,-21.8724980608627,1.03908384418166,1.63095207153551
TAS,1,N,K,Financial and Insurance Services,,K,4.65414844120757,-0.071886432410734,-1.52107283024971,-0.287874372686296,-5.82503123775501,-0.795404987880059,-14.5957829064395,-0.465620159001769,-9.09455476137594,1.63596399700567,0.83715804884171
TAS,1,N,L,"Rental, Hiring and Real Estate Services",,L,3.45381654660406,-0.0599188355336238,-1.70527455875662,-0.216970097178334,-5.91072481823044,-0.183297663031219,-5.03964551197308,-0.24583424791713,-6.64479599753538,1.21403938741598,1.50070258387856
TAS,1,N,M,"Professional, Scientific and Technical Services",,M,18.345539896376,-0.018390822604843,-0.100146438615314,-0.0443661664919333,-0.241252817389401,1.51006395224877,8.96953526743344,6.23760445875748,51.5166643470666,6.44857875833354,1.30289222659413
TAS,1,N,N,Administrative and Support Services,,N,8.40457836145018,0.0747133558379858,0.896933573204945,0.30955751692046,3.82404842267511,1.52934086102526,22.2441895415357,1.7578928759734,26.4476614669739,2.95426494943894,1.90808469241581
TAS,1,N,O,Public Administration and Safety,,O,22.3611286893233,0.0149091659963929,0.0667189632717492,0.103188021052514,0.463600935011974,2.24420379450045,11.1557994387005,4.82197655894436,27.4926434476407,7.86008481041312,2.26177610443569
TAS,1,N,P,Education and Training,,P,24.5602829660219,-0.0246081572740344,-0.100094635972239,-0.101309802881385,-0.410799918037453,0.949885051005737,4.02316409246797,4.34522362199403,21.4949832599811,8.63310210154328,1.86528798019962
TAS,1,N,Q,Health Care and Social Assistance,,Q,50.3010791047811,0.369387544088966,0.739785760392223,1.4511392086474,2.97060592445531,7.64087453473529,17.9110124101477,15.5755374240254,44.8532597913573,17.6811624007001,2.09526103592208
TAS,1,N,R,Arts and Recreation Services,Y,R,5.22896452157711,0.03974660865833,0.765946031277259,0.152883595293817,3.01184314265372,,0,0.0814473071832991,1.58226391075587,1.8380156557062,1.95055000751584
TAS,1,N,S,Other Services,Y,S,10.8023939908466,0.00591823758592369,0.0548163838013188,0.0233840663880205,0.216940763130386,0.172715719685034,1.62484428295082,1.2686365793268,13.3067847708594,3.79711302158427,1.92978512451718
VIC,1,N,A,"Agriculture, Forestry and Fishing",,A,66.4926362999305,-0.834463651272969,-1.23941719140994,-3.30074633375172,-4.72931130315896,-13.3321952467881,-16.701814446029,-20.4104467783646,-23.4864472644496,1.73233557497023,22.6325146720118
VIC,1,N,B,Mining,,B,12.7305733274909,0.111961649178792,0.887273909626863,0.456205730807431,3.71673511660755,1.72406052024515,15.6640032173512,1.17117419399907,10.1317912849445,0.331670186236887,4.05221761918665
VIC,1,N,C,Manufacturing,,C,266.756895149958,-0.796880084935026,-0.297839222876008,-3.160976953908,-1.17108842377493,-5.37139839883798,-1.9738478233153,-14.2134672189443,-5.05870693944673,6.94982910968381,29.7698120846819
VIC,1,N,D,"Electricity, Gas, Water and Waste Services",,D,51.1622001360803,0.652297191564223,1.2914243614381,2.53127575186529,5.20507431005549,10.0738359654592,24.5174909461647,14.423883966988,39.2611460487204,1.33293104802902,24.2365331965584
VIC,1,N,E,Construction,,E,347.282166765548,-0.263100438861784,-0.0757024950959958,-1.28188565767516,-0.367761864358493,28.70296768483,9.0096804084053,81.9144875843223,30.8682985950151,9.04775754907662,25.1827276143299
VIC,1,N,F,Wholesale Trade,,F,95.182851850195,-1.12278108721583,-1.16585193718162,-4.40810794283256,-4.42621293337628,-13.7565537734259,-12.6277114279051,-13.5637807407967,-12.4728282776457,2.47980302124652,28.3925772353491
VIC,1,N,G,Retail Trade,Y,G,361.81643912403,1.69907769817678,0.471812214620653,6.58233813750223,1.85295784363672,21.571599097355,6.34002240729466,24.037877869219,7.11646049409439,9.42641958541599,26.7919746643525
VIC,1,N,H,Accommodation and Food Services,Y,H,241.890767478968,2.26671254336878,0.945945324219634,9.20137174380687,3.95435800361077,,0,33.6081789422014,16.1358561838062,6.30199079294297,24.9985611319269
VIC,1,N,I,"Transport, Postal and Warehousing",Y,I,200.540724125807,1.59992493924523,0.804221630649456,6.44409198803928,3.32004317491987,26.2748585931934,15.0774556525392,45.7565050846296,29.5614794376789,5.22469629669036,26.629032332524
VIC,1,N,J,Information Media and Telecommunications,,J,55.2555009639322,-0.27210146213497,-0.490029193133743,-1.01887662383648,-1.81055156451511,-3.5242554711239,-5.99569594171038,-4.98486742940423,-8.27496172808207,1.43957399434201,30.4859433391584
VIC,1,N,K,Financial and Insurance Services,,K,165.25092893339,0.50029065457062,0.30366538169275,2.0612749376017,1.26311618851456,22.3531203783827,15.6427314067437,48.8909388268697,42.0169671569352,4.3052897120352,29.7242657776646
VIC,1,N,L,"Rental, Hiring and Real Estate Services",,L,51.1069327897961,-0.410140400734058,-0.796125197596531,-1.56895884242594,-2.97851406746041,-2.28827008645619,-4.28553496043351,3.36299918076566,7.04382510311125,1.33149116542803,22.2062478006153
VIC,1,N,M,"Professional, Scientific and Technical Services",,M,397.477040107843,3.46933833252501,0.880525511783878,13.966687107831,3.64180184409014,66.1897961660093,19.9795788628767,129.658440204249,48.4127839705392,10.3554867896463,28.2286456943385
VIC,1,N,N,Administrative and Support Services,,N,112.923977710201,0.4402975247217,0.391432360672832,1.74443923376775,1.56902902968743,2.91948917979693,2.65397277765626,5.03246954272269,4.66437964228924,2.94201335275875,25.6370401951206
VIC,1,N,O,Public Administration and Safety,,O,208.655865531896,1.4592440010388,0.704279823800831,5.90852908907851,2.91423265663711,23.232094567152,12.5291889202109,54.3208007829934,35.1966682823318,5.43612043229343,21.1050549937456
VIC,1,N,P,Education and Training,,P,361.973874787645,5.43825166597378,1.52530387240378,21.5421544148472,6.32789282715986,73.1882323867964,25.3434456707538,114.507393771713,46.2718802569227,9.43052126367732,27.4909502761742
VIC,1,N,Q,Health Care and Social Assistance,,Q,626.501540004554,5.81959492015994,0.937613050653286,28.1488883858069,4.7043977008633,159.355949867906,34.1126948926762,240.646437301605,62.3670480488287,16.322272147971,26.0965428392161
VIC,1,N,R,Arts and Recreation Services,Y,R,77.9617104617953,0.545888255393692,0.705137838539357,2.17533531705494,2.8703514489252,,0,14.2699014470338,22.4046100554729,2.03113986801931,29.0818983949307
VIC,1,N,S,Other Services,Y,S,137.36046038498,0.91522261757828,0.670761862087456,3.66786900996806,2.74350954846822,12.2644924763983,9.80406697469336,19.5496087454047,16.5940645308412,3.57865810953623,24.5386507261611
WA,1,N,A,"Agriculture, Forestry and Fishing",,A,33.7287723585378,0.0627399374551345,0.18635976069412,0.307417215493665,0.919822712687478,-1.6825161525726,-4.75135535394229,-0.12721484373791,-0.375752870468237,1.98735932414503,11.4804732937676
WA,1,N,B,Mining,,B,157.503076930842,-0.292974772695629,-0.185666732172781,-1.00207080186328,-0.63220079360017,17.8984601896051,12.8208225540138,53.6240016601802,51.6215623988377,9.28036173960557,50.1341712581817
WA,1,N,C,Manufacturing,,C,88.5331097101607,0.640687848096718,0.728945493278358,2.50382453533852,2.91043280233056,7.47198522177004,9.21771720899351,7.29327581907124,8.97746274179812,5.21652846441371,9.88020961131068
WA,1,N,D,"Electricity, Gas, Water and Waste Services",,D,35.1918104234287,1.21574281369168,3.57823285394942,4.89609451043335,16.1610127467995,14.8200114998185,72.7476820058474,17.1499950956377,95.0569262795885,2.07356413198483,16.671047752165
WA,1,N,E,Construction,,E,167.960530008358,2.3662536474497,1.4289465188353,9.28517814840384,5.8516827217115,36.4870500304137,27.7524030219134,31.0142915333856,22.6470561577736,9.89653349526539,12.1794456552514
WA,1,N,F,Wholesale Trade,,F,39.8128953643607,-0.106511557704323,-0.266816483301634,-0.409004792883067,-1.01687088696482,0.194942160047361,0.492055101993854,1.02380263401965,2.63940856038334,2.34584668491631,11.8759911541058
WA,1,N,G,Retail Trade,Y,G,147.820867552719,1.29889558968378,0.886485195552425,5.18577024858854,3.63569019589288,21.7492944997729,17.2515452715411,19.8690479505942,15.5285387987279,8.70986872309748,10.945917625864
WA,1,N,H,Accommodation and Food Services,Y,H,102.573184945858,0.121105338056367,0.118206812902161,0.595005523399763,0.583463567176339,,0,15.3140406167087,17.5500696625476,6.04379469677921,10.6005783564618
WA,1,N,I,"Transport, Postal and Warehousing",Y,I,78.1801268641042,-0.100760908395472,-0.128717125294112,-0.277539685174006,-0.353744506280577,7.36400614384404,10.3987708857049,12.4480201939433,18.9375037930956,4.6065122808091,10.3812386990237
WA,1,N,J,Information Media and Telecommunications,,J,14.360227346675,0.0493516199599675,0.344853948160836,0.208608223838686,1.47409439180042,1.20163945576124,9.13197879379588,-0.0160017926496234,-0.11130730106306,0.846130164800761,7.92292295954259
WA,1,N,K,Financial and Insurance Services,,K,29.892891390048,-0.212480990665608,-0.705790939831487,-0.866750665550715,-2.81781778859469,-1.21913373611379,-3.91852902911366,-1.38340597016775,-4.42317693246987,1.76134238738839,5.3769395081513
WA,1,N,L,"Rental, Hiring and Real Estate Services",,L,24.6137972719161,0.144159673215803,0.589136936067496,0.604230034991474,2.51662193253621,1.73003015751854,7.56007587767344,0.616579277190009,2.56937815594089,1.45028876209827,10.6948324170103
WA,1,N,M,"Professional, Scientific and Technical Services",,M,135.296342439816,1.10356215261893,0.822370734295173,4.46979306772832,3.41657950101216,25.0743762828685,22.748982945164,35.7806058672854,35.9547214336368,7.97190140252542,9.60868711671307
WA,1,N,N,Administrative and Support Services,,N,50.1669307744203,0.155266204432913,0.31045998122224,0.701722246186598,1.41861778624884,5.71402314378801,12.8541043732548,6.8438649999969,15.7972776802821,2.95592488746615,11.3893581045318
WA,1,N,O,Public Administration and Safety,,O,105.302126550408,0.973549544460354,0.933157119937379,3.75613588825165,3.69895045954922,12.1088309247425,12.9932425325752,25.2899401502623,31.6076104004779,6.20458879521834,10.6510649299959
WA,1,N,P,Education and Training,,P,139.673687204085,1.12653041544465,0.813102514375823,4.53271106306696,3.35406121259412,23.2881222615928,20.0094593114703,38.5426717350488,38.1116233791301,8.22982235024899,10.6078439834091
WA,1,N,Q,Health Care and Social Assistance,,Q,250.903998523598,2.61119004610981,1.05165754180373,10.6067960699752,4.41403227406373,61.1525105235097,32.2276843085843,97.1328271775571,63.1671244533689,14.7837103476707,10.451254351193
WA,1,N,R,Arts and Recreation Services,Y,R,28.6242676404541,-0.0294469357793972,-0.102768301474677,-0.11614655422111,-0.404122757015204,,0,1.98456535345986,7.44965289806842,1.68659281717615,10.6776523785599
WA,1,N,S,Other Services,,S,67.0266326901502,0.495229426798829,0.744354398837136,1.93310395064117,2.96973291827066,8.567873932633,14.6562707021747,11.0301128568721,19.6978542411434,3.94932854439024,11.9739197460795
