level,anzsco_code,anzsco_title,northern_australia,date,vacancies
0,0,Total,Northern Australia,2026-07-01,13854
1,1,MANAGERS,Northern Australia,2026-07-01,1247
2,11,"Chief Executives, Managing Directors & Legislators",Northern Australia,2026-07-01,49
2,12,Farmers and Farm Managers,Northern Australia,2026-07-01,8
2,14,"Hospitality, Retail and Service Managers",Northern Australia,2026-07-01,448
2,1A,Corporate Managers,Northern Australia,2026-07-01,309
2,1B,"Construction, Production and Distribution Managers",Northern Australia,2026-07-01,312
2,1C,"Health, Education, ICT and Other Managers",Northern Australia,2026-07-01,120
4,1111,Chief Executives and Managing Directors,Northern Australia,2026-07-01,18
4,1112,General Managers,Northern Australia,2026-07-01,31
4,1211,Aquaculture Farmers,Northern Australia,2026-07-01,0
4,1212,Crop Farmers,Northern Australia,2026-07-01,0
4,1213,Livestock Farmers,Northern Australia,2026-07-01,2
4,1214,Mixed Crop and Livestock Farmers,Northern Australia,2026-07-01,5
4,1311,Advertising and Sales Managers,Northern Australia,2026-07-01,121
4,1321,Corporate Services Managers,Northern Australia,2026-07-01,27
4,1322,Finance Managers,Northern Australia,2026-07-01,25
4,1323,Human Resource Managers,Northern Australia,2026-07-01,31
4,1324,Policy and Planning Managers,Northern Australia,2026-07-01,101
4,1325,Research and Development Managers,Northern Australia,2026-07-01,4
4,1331,Construction Managers,Northern Australia,2026-07-01,187
4,1332,Engineering Managers,Northern Australia,2026-07-01,20
4,1333,"Importers, Exporters and Wholesalers",Northern Australia,2026-07-01,1
4,1334,Manufacturers,Northern Australia,2026-07-01,3
4,1335,Production Managers,Northern Australia,2026-07-01,85
4,1336,"Supply, Distribution and Procurement Managers",Northern Australia,2026-07-01,16
4,1341,Child Care Centre Managers,Northern Australia,2026-07-01,27
4,1342,Health and Welfare Services Managers,Northern Australia,2026-07-01,33
4,1343,School Principals,Northern Australia,2026-07-01,12
4,1344,Other Education Managers,Northern Australia,2026-07-01,5
4,1351,ICT Managers,Northern Australia,2026-07-01,17
4,1399,Other Specialist Managers,Northern Australia,2026-07-01,26
4,1411,Cafe and Restaurant Managers,Northern Australia,2026-07-01,26
4,1412,Caravan Park and Camping Ground Managers,Northern Australia,2026-07-01,0
4,1413,Hotel and Motel Managers,Northern Australia,2026-07-01,63
4,1414,Licensed Club Managers,Northern Australia,2026-07-01,9
4,1419,Other Accommodation and Hospitality Managers,Northern Australia,2026-07-01,8
4,1421,Retail Managers,Northern Australia,2026-07-01,202
4,1491,"Amusement, Fitness and Sports Centre Managers",Northern Australia,2026-07-01,17
4,1492,Call or Contact Centre and Customer Service Managers,Northern Australia,2026-07-01,36
4,1493,Conference and Event Organisers,Northern Australia,2026-07-01,19
4,1494,Transport Services Managers,Northern Australia,2026-07-01,9
4,1499,"Other Hospitality, Retail and Service Managers",Northern Australia,2026-07-01,60
1,2,PROFESSIONALS,Northern Australia,2026-07-01,3341
2,21,Arts and Media Professionals,Northern Australia,2026-07-01,70
2,24,Education Professionals,Northern Australia,2026-07-01,221
2,26,ICT Professionals,Northern Australia,2026-07-01,69
2,27,"Legal, Social and Welfare Professionals",Northern Australia,2026-07-01,562
2,2A,"Business, Finance and Human Resource Professionals",Northern Australia,2026-07-01,312
2,2B,Information Professionals,Northern Australia,2026-07-01,70
2,2C,"Sales, Marketing & Public Relations Professionals",Northern Australia,2026-07-01,51
2,2D,"Transport and Design Professionals, and Architects",Northern Australia,2026-07-01,94
2,2E,Engineers,Northern Australia,2026-07-01,396
2,2F,Science Professionals and Veterinarians,Northern Australia,2026-07-01,108
2,2G,Health Diagnostic and Therapy Professionals,Northern Australia,2026-07-01,484
2,2H,Medical Practitioners and Nurses,Northern Australia,2026-07-01,905
4,2111,"Actors, Dancers and Other Entertainers",Northern Australia,2026-07-01,16
4,2112,Music Professionals,Northern Australia,2026-07-01,0
4,2113,Photographers,Northern Australia,2026-07-01,1
4,2114,Visual Arts and Crafts Professionals,Northern Australia,2026-07-01,0
4,2121,"Artistic Directors, and Media Producers and Presenters",Northern Australia,2026-07-01,1
4,2122,"Authors, and Book and Script Editors",Northern Australia,2026-07-01,11
4,2123,"Film, Television, Radio and Stage Directors",Northern Australia,2026-07-01,2
4,2124,Journalists and Other Writers,Northern Australia,2026-07-01,39
4,2211,Accountants,Northern Australia,2026-07-01,89
4,2212,"Auditors, Company Secretaries and Corporate Treasurers",Northern Australia,2026-07-01,23
4,2221,Financial Brokers,Northern Australia,2026-07-01,3
4,2222,Financial Dealers,Northern Australia,2026-07-01,1
4,2223,Financial Investment Advisers and Managers,Northern Australia,2026-07-01,18
4,2231,Human Resource Professionals,Northern Australia,2026-07-01,104
4,2232,ICT Trainers,Northern Australia,2026-07-01,0
4,2233,Training and Development Professionals,Northern Australia,2026-07-01,74
4,2241,"Actuaries, Mathematicians and Statisticians",Northern Australia,2026-07-01,1
4,2242,"Archivists, Curators and Records Managers",Northern Australia,2026-07-01,5
4,2243,Economists,Northern Australia,2026-07-01,0
4,2244,Intelligence and Policy Analysts,Northern Australia,2026-07-01,13
4,2245,Land Economists and Valuers,Northern Australia,2026-07-01,4
4,2246,Librarians,Northern Australia,2026-07-01,9
4,2247,Management and Organisation Analysts,Northern Australia,2026-07-01,19
4,2249,Other Information and Organisation Professionals,Northern Australia,2026-07-01,19
4,2251,Advertising and Marketing Professionals,Northern Australia,2026-07-01,25
4,2252,ICT Sales Professionals,Northern Australia,2026-07-01,1
4,2253,Public Relations Professionals,Northern Australia,2026-07-01,19
4,2254,Technical Sales Representatives,Northern Australia,2026-07-01,6
4,2311,Air Transport Professionals,Northern Australia,2026-07-01,16
4,2312,Marine Transport Professionals,Northern Australia,2026-07-01,19
4,2321,Architects and Landscape Architects,Northern Australia,2026-07-01,3
4,2322,Surveyors and Spatial Scientists,Northern Australia,2026-07-01,39
4,2323,"Fashion, Industrial and Jewellery Designers",Northern Australia,2026-07-01,1
4,2324,"Graphic and Web Designers, and Illustrators",Northern Australia,2026-07-01,4
4,2325,Interior Designers,Northern Australia,2026-07-01,1
4,2326,Urban and Regional Planners,Northern Australia,2026-07-01,11
4,2331,Chemical and Materials Engineers,Northern Australia,2026-07-01,3
4,2332,Civil Engineering Professionals,Northern Australia,2026-07-01,136
4,2333,Electrical Engineers,Northern Australia,2026-07-01,25
4,2334,Electronics Engineers,Northern Australia,2026-07-01,0
4,2335,"Industrial, Mechanical and Production Engineers",Northern Australia,2026-07-01,42
4,2336,Mining Engineers,Northern Australia,2026-07-01,174
4,2339,Other Engineering Professionals,Northern Australia,2026-07-01,16
4,2341,Agricultural and Forestry Scientists,Northern Australia,2026-07-01,4
4,2342,"Chemists, and Food and Wine Scientists",Northern Australia,2026-07-01,5
4,2343,Environmental Scientists,Northern Australia,2026-07-01,55
4,2344,Geologists and Geophysicists,Northern Australia,2026-07-01,18
4,2345,Life Scientists,Northern Australia,2026-07-01,13
4,2346,Medical Laboratory Scientists,Northern Australia,2026-07-01,4
4,2347,Veterinarians,Northern Australia,2026-07-01,3
4,2349,Other Natural and Physical Science Professionals,Northern Australia,2026-07-01,6
4,2411,Early Childhood (Pre-primary School) Teachers,Northern Australia,2026-07-01,79
4,2412,Primary School Teachers,Northern Australia,2026-07-01,45
4,2413,Middle School Teachers (Aus) / Intermediate School Teachers (NZ),Northern Australia,2026-07-01,0
4,2414,Secondary School Teachers,Northern Australia,2026-07-01,58
4,2415,Special Education Teachers,Northern Australia,2026-07-01,1
4,2421,University Lecturers and Tutors,Northern Australia,2026-07-01,20
4,2422,Vocational Education Teachers (Aus) / Polytechnic Teachers (NZ),Northern Australia,2026-07-01,6
4,2491,Education Advisers and Reviewers,Northern Australia,2026-07-01,6
4,2492,Private Tutors and Teachers,Northern Australia,2026-07-01,6
4,2493,Teachers of English to Speakers of Other Languages,Northern Australia,2026-07-01,0
4,2511,Nutrition Professionals,Northern Australia,2026-07-01,10
4,2512,Medical Imaging Professionals,Northern Australia,2026-07-01,54
4,2513,Occupational and Environmental Health Professionals,Northern Australia,2026-07-01,107
4,2514,Optometrists and Orthoptists,Northern Australia,2026-07-01,7
4,2515,Pharmacists,Northern Australia,2026-07-01,44
4,2519,Other Health Diagnostic and Promotion Professionals,Northern Australia,2026-07-01,8
4,2521,Chiropractors and Osteopaths,Northern Australia,2026-07-01,0
4,2522,Complementary Health Therapists,Northern Australia,2026-07-01,4
4,2523,Dental Practitioners,Northern Australia,2026-07-01,26
4,2524,Occupational Therapists,Northern Australia,2026-07-01,91
4,2525,Physiotherapists,Northern Australia,2026-07-01,69
4,2526,Podiatrists,Northern Australia,2026-07-01,9
4,2527,Audiologists and Speech Pathologists/Therapists,Northern Australia,2026-07-01,55
4,2531,General Practitioners and Resident Medical Officers,Northern Australia,2026-07-01,307
4,2532,Anaesthetists,Northern Australia,2026-07-01,6
4,2533,Specialist Physicians,Northern Australia,2026-07-01,33
4,2534,Psychiatrists,Northern Australia,2026-07-01,12
4,2535,Surgeons,Northern Australia,2026-07-01,1
4,2539,Other Medical Practitioners,Northern Australia,2026-07-01,9
4,2541,Midwives,Northern Australia,2026-07-01,16
4,2542,Nurse Educators and Researchers,Northern Australia,2026-07-01,11
4,2543,Nurse Managers,Northern Australia,2026-07-01,12
4,2544,Registered Nurses,Northern Australia,2026-07-01,498
4,2611,ICT Business and Systems Analysts,Northern Australia,2026-07-01,23
4,2612,Multimedia Specialists and Web Developers,Northern Australia,2026-07-01,1
4,2613,Software and Applications Programmers,Northern Australia,2026-07-01,24
4,2621,"Database and Systems Administrators, and ICT Security Specialists",Northern Australia,2026-07-01,8
4,2631,Computer Network Professionals,Northern Australia,2026-07-01,6
4,2632,ICT Support and Test Engineers,Northern Australia,2026-07-01,6
4,2633,Telecommunications Engineering Professionals,Northern Australia,2026-07-01,1
4,2711,Barristers,Northern Australia,2026-07-01,4
4,2713,Solicitors,Northern Australia,2026-07-01,36
4,2721,Counsellors,Northern Australia,2026-07-01,47
4,2722,Ministers of Religion,Northern Australia,2026-07-01,5
4,2723,Psychologists,Northern Australia,2026-07-01,27
4,2724,Social Professionals,Northern Australia,2026-07-01,16
4,2725,Social Workers,Northern Australia,2026-07-01,114
4,2726,"Welfare, Recreation and Community Arts Workers",Northern Australia,2026-07-01,227
1,3,TECHNICIANS AND TRADES WORKERS,Northern Australia,2026-07-01,2743
2,31,"Engineering, ICT and Science Technicians",Northern Australia,2026-07-01,356
2,32,Automotive and Engineering Trades Workers,Northern Australia,2026-07-01,1096
2,33,Construction Trades Workers,Northern Australia,2026-07-01,331
2,34,Electrotechnology and Telecommunications Trades Workers,Northern Australia,2026-07-01,410
2,35,Food Trades Workers,Northern Australia,2026-07-01,299
2,36,Skilled Animal and Horticultural Workers,Northern Australia,2026-07-01,94
2,3A,"Hairdressers, Printing, Clothing and Wood Trades Workers",Northern Australia,2026-07-01,67
2,3B,"Jewellers, Arts and Other Trades Workers",Northern Australia,2026-07-01,90
4,3111,Agricultural Technicians,Northern Australia,2026-07-01,11
4,3112,Medical Technicians,Northern Australia,2026-07-01,29
4,3113,Primary Products Inspectors,Northern Australia,2026-07-01,1
4,3114,Science Technicians,Northern Australia,2026-07-01,13
4,3121,"Architectural, Building and Surveying Technicians",Northern Australia,2026-07-01,127
4,3122,Civil Engineering Draftspersons and Technicians,Northern Australia,2026-07-01,15
4,3123,Electrical Engineering Draftspersons and Technicians,Northern Australia,2026-07-01,14
4,3124,Electronic Engineering Draftspersons and Technicians,Northern Australia,2026-07-01,4
4,3125,Mechanical Engineering Draftspersons and Technicians,Northern Australia,2026-07-01,32
4,3126,Safety Inspectors,Northern Australia,2026-07-01,11
4,3129,Other Building and Engineering Technicians,Northern Australia,2026-07-01,74
4,3131,ICT Support Technicians,Northern Australia,2026-07-01,24
4,3132,Telecommunications Technical Specialists,Northern Australia,2026-07-01,2
4,3211,Automotive Electricians,Northern Australia,2026-07-01,54
4,3212,Motor Mechanics,Northern Australia,2026-07-01,329
4,3221,"Metal Casting, Forging and Finishing Trades Workers",Northern Australia,2026-07-01,0
4,3222,Sheetmetal Trades Workers,Northern Australia,2026-07-01,26
4,3223,Structural Steel and Welding Trades Workers,Northern Australia,2026-07-01,191
4,3231,Aircraft Maintenance Engineers,Northern Australia,2026-07-01,26
4,3232,Metal Fitters and Machinists,Northern Australia,2026-07-01,449
4,3233,Precision Metal Trades Workers,Northern Australia,2026-07-01,2
4,3234,Toolmakers and Engineering Patternmakers,Northern Australia,2026-07-01,0
4,3241,Panelbeaters,Northern Australia,2026-07-01,13
4,3242,Vehicle Body Builders and Trimmers,Northern Australia,2026-07-01,1
4,3243,Vehicle Painters,Northern Australia,2026-07-01,4
4,3311,Bricklayers and Stonemasons,Northern Australia,2026-07-01,9
4,3312,Carpenters and Joiners,Northern Australia,2026-07-01,94
4,3321,Floor Finishers,Northern Australia,2026-07-01,5
4,3322,Painting Trades Workers,Northern Australia,2026-07-01,78
4,3331,Glaziers,Northern Australia,2026-07-01,14
4,3332,Plasterers,Northern Australia,2026-07-01,12
4,3333,Roof Tilers,Northern Australia,2026-07-01,4
4,3334,Wall and Floor Tilers,Northern Australia,2026-07-01,5
4,3341,Plumbers,Northern Australia,2026-07-01,109
4,3411,Electricians,Northern Australia,2026-07-01,323
4,3421,Airconditioning and Refrigeration Mechanics,Northern Australia,2026-07-01,49
4,3422,Electrical Distribution Trades Workers,Northern Australia,2026-07-01,12
4,3423,Electronics Trades Workers,Northern Australia,2026-07-01,16
4,3424,Telecommunications Trades Workers,Northern Australia,2026-07-01,11
4,3511,Bakers and Pastrycooks,Northern Australia,2026-07-01,18
4,3512,Butchers and Smallgoods Makers,Northern Australia,2026-07-01,11
4,3513,Chefs,Northern Australia,2026-07-01,173
4,3514,Cooks,Northern Australia,2026-07-01,97
4,3611,Animal Attendants and Trainers,Northern Australia,2026-07-01,4
4,3612,Shearers,Northern Australia,2026-07-01,0
4,3613,Veterinary Nurses,Northern Australia,2026-07-01,9
4,3621,Florists,Northern Australia,2026-07-01,1
4,3622,Gardeners,Northern Australia,2026-07-01,52
4,3623,Greenkeepers,Northern Australia,2026-07-01,26
4,3624,Nurserypersons,Northern Australia,2026-07-01,2
4,3911,Hairdressers,Northern Australia,2026-07-01,29
4,3921,"Binders, Finishers and Screen Printers",Northern Australia,2026-07-01,0
4,3922,Graphic Pre-press Trades Workers,Northern Australia,2026-07-01,4
4,3923,Printers,Northern Australia,2026-07-01,1
4,3931,Canvas and Leather Goods Makers,Northern Australia,2026-07-01,0
4,3932,Clothing Trades Workers,Northern Australia,2026-07-01,0
4,3933,Upholsterers,Northern Australia,2026-07-01,0
4,3941,Cabinetmakers,Northern Australia,2026-07-01,12
4,3942,Wood Machinists and Other Wood Trades Workers,Northern Australia,2026-07-01,1
4,3991,Boat Builders and Shipwrights,Northern Australia,2026-07-01,2
4,3992,"Chemical, Gas, Petroleum and Power Generation Plant Operators",Northern Australia,2026-07-01,14
4,3993,"Gallery, Library and Museum Technicians",Northern Australia,2026-07-01,2
4,3994,Jewellers,Northern Australia,2026-07-01,2
4,3995,Performing Arts Technicians,Northern Australia,2026-07-01,2
4,3996,Signwriters,Northern Australia,2026-07-01,3
4,3999,Other Miscellaneous Technicians and Trades Workers,Northern Australia,2026-07-01,83
1,4,COMMUNITY AND PERSONAL SERVICE WORKERS,Northern Australia,2026-07-01,1301
2,41,Health and Welfare Support Workers,Northern Australia,2026-07-01,270
2,42,Carers and Aides,Northern Australia,2026-07-01,655
2,43,Hospitality Workers,Northern Australia,2026-07-01,170
2,44,Protective Service Workers,Northern Australia,2026-07-01,78
2,45,"Sports, Travel and Personal Service Workers",Northern Australia,2026-07-01,128
4,4111,Ambulance Officers and Paramedics,Northern Australia,2026-07-01,5
4,4112,"Dental Hygienists, Technicians and Therapists",Northern Australia,2026-07-01,14
4,4113,Diversional Therapists,Northern Australia,2026-07-01,3
4,4114,Enrolled and Mothercraft Nurses,Northern Australia,2026-07-01,30
4,4115,Indigenous Health Workers,Northern Australia,2026-07-01,13
4,4116,Massage Therapists,Northern Australia,2026-07-01,5
4,4117,Welfare Support Workers,Northern Australia,2026-07-01,200
4,4211,Child Carers,Northern Australia,2026-07-01,189
4,4221,Education Aides,Northern Australia,2026-07-01,111
4,4231,Aged and Disabled Carers,Northern Australia,2026-07-01,204
4,4232,Dental Assistants,Northern Australia,2026-07-01,31
4,4233,Nursing Support and Personal Care Workers,Northern Australia,2026-07-01,113
4,4234,Special Care Workers,Northern Australia,2026-07-01,6
4,4311,Bar Attendants and Baristas,Northern Australia,2026-07-01,64
4,4312,Cafe Workers,Northern Australia,2026-07-01,14
4,4313,Gaming Workers,Northern Australia,2026-07-01,5
4,4314,Hotel Service Managers,Northern Australia,2026-07-01,9
4,4315,Waiters,Northern Australia,2026-07-01,68
4,4412,Fire and Emergency Workers,Northern Australia,2026-07-01,13
4,4413,Police,Northern Australia,2026-07-01,3
4,4421,Prison Officers,Northern Australia,2026-07-01,5
4,4422,Security Officers and Guards,Northern Australia,2026-07-01,56
4,4511,Beauty Therapists,Northern Australia,2026-07-01,14
4,4512,Driving Instructors,Northern Australia,2026-07-01,3
4,4513,Funeral Workers,Northern Australia,2026-07-01,2
4,4514,"Gallery, Museum and Tour Guides",Northern Australia,2026-07-01,21
4,4515,Personal Care Consultants,Northern Australia,2026-07-01,0
4,4516,Tourism and Travel Advisers,Northern Australia,2026-07-01,7
4,4517,Travel Attendants,Northern Australia,2026-07-01,5
4,4521,Fitness Instructors,Northern Australia,2026-07-01,14
4,4522,Outdoor Adventure Guides,Northern Australia,2026-07-01,4
4,4523,"Sports Coaches, Instructors and Officials",Northern Australia,2026-07-01,48
4,4524,Sportspersons,Northern Australia,2026-07-01,8
1,5,CLERICAL AND ADMINISTRATIVE WORKERS,Northern Australia,2026-07-01,1697
2,55,Numerical Clerks,Northern Australia,2026-07-01,198
2,56,Clerical and Office Support Workers,Northern Australia,2026-07-01,58
2,59,Other Clerical and Administrative Workers,Northern Australia,2026-07-01,261
2,5A,"Office Managers, Administrators and Secretaries",Northern Australia,2026-07-01,220
2,5B,"General-Inquiry Clerks, Call Centre Workers, and Receptionists",Northern Australia,2026-07-01,961
4,5111,"Contract, Program and Project Administrators",Northern Australia,2026-07-01,100
4,5121,Office Managers,Northern Australia,2026-07-01,55
4,5122,Practice Managers,Northern Australia,2026-07-01,17
4,5211,Personal Assistants,Northern Australia,2026-07-01,10
4,5212,Secretaries,Northern Australia,2026-07-01,37
4,5311,General Clerks,Northern Australia,2026-07-01,768
4,5321,Keyboard Operators,Northern Australia,2026-07-01,4
4,5411,Call or Contact Centre Workers,Northern Australia,2026-07-01,47
4,5412,Information Officers,Northern Australia,2026-07-01,22
4,5421,Receptionists,Northern Australia,2026-07-01,120
4,5511,Accounting Clerks,Northern Australia,2026-07-01,55
4,5512,Bookkeepers,Northern Australia,2026-07-01,12
4,5513,Payroll Clerks,Northern Australia,2026-07-01,32
4,5521,Bank Workers,Northern Australia,2026-07-01,45
4,5522,Credit and Loans Officers,Northern Australia,2026-07-01,54
4,5523,"Insurance, Money Market and Statistical Clerks",Northern Australia,2026-07-01,1
4,5611,Betting Clerks,Northern Australia,2026-07-01,0
4,5612,Couriers and Postal Deliverers,Northern Australia,2026-07-01,35
4,5613,Filing and Registry Clerks,Northern Australia,2026-07-01,6
4,5614,Mail Sorters,Northern Australia,2026-07-01,2
4,5615,Survey Interviewers,Northern Australia,2026-07-01,9
4,5616,Switchboard Operators,Northern Australia,2026-07-01,0
4,5619,Other Clerical and Office Support Workers,Northern Australia,2026-07-01,5
4,5911,Purchasing and Supply Logistics Clerks,Northern Australia,2026-07-01,100
4,5912,Transport and Despatch Clerks,Northern Australia,2026-07-01,53
4,5991,Conveyancers and Legal Executives,Northern Australia,2026-07-01,13
4,5992,Court and Legal Clerks,Northern Australia,2026-07-01,5
4,5993,Debt Collectors,Northern Australia,2026-07-01,2
4,5994,Human Resource Clerks,Northern Australia,2026-07-01,3
4,5995,Inspectors and Regulatory Officers,Northern Australia,2026-07-01,58
4,5996,"Insurance Investigators, Loss Adjusters and Risk Surveyors",Northern Australia,2026-07-01,9
4,5997,Library Assistants,Northern Australia,2026-07-01,5
4,5999,Other Miscellaneous Clerical and Administrative Workers,Northern Australia,2026-07-01,11
1,6,SALES WORKERS,Northern Australia,2026-07-01,933
2,61,Sales Representatives and Agents,Northern Australia,2026-07-01,179
2,62,Sales Assistants and Salespersons,Northern Australia,2026-07-01,670
2,63,Sales Support Workers,Northern Australia,2026-07-01,83
4,6111,"Auctioneers, and Stock and Station Agents",Northern Australia,2026-07-01,1
4,6112,Insurance Agents,Northern Australia,2026-07-01,14
4,6113,Sales Representatives,Northern Australia,2026-07-01,110
4,6121,Real Estate Sales Agents,Northern Australia,2026-07-01,55
4,6211,Sales Assistants (General),Northern Australia,2026-07-01,549
4,6212,ICT Sales Assistants,Northern Australia,2026-07-01,0
4,6213,Motor Vehicle and Vehicle Parts Salespersons,Northern Australia,2026-07-01,55
4,6214,Pharmacy Sales Assistants,Northern Australia,2026-07-01,20
4,6215,Retail Supervisors,Northern Australia,2026-07-01,39
4,6216,Service Station Attendants,Northern Australia,2026-07-01,4
4,6217,Street Vendors and Related Salespersons,Northern Australia,2026-07-01,0
4,6219,Other Sales Assistants and Salespersons,Northern Australia,2026-07-01,3
4,6311,Checkout Operators and Office Cashiers,Northern Australia,2026-07-01,7
4,6391,Models and Sales Demonstrators,Northern Australia,2026-07-01,34
4,6392,Retail and Wool Buyers,Northern Australia,2026-07-01,1
4,6393,Telemarketers,Northern Australia,2026-07-01,3
4,6394,Ticket Salespersons,Northern Australia,2026-07-01,5
4,6395,Visual Merchandisers,Northern Australia,2026-07-01,5
4,6399,Other Sales Support Workers,Northern Australia,2026-07-01,28
1,7,MACHINERY OPERATORS AND DRIVERS,Northern Australia,2026-07-01,1451
2,71,Machine and Stationary Plant Operators,Northern Australia,2026-07-01,364
2,72,Mobile Plant Operators,Northern Australia,2026-07-01,357
2,7A,Drivers and Storepersons,Northern Australia,2026-07-01,730
4,7111,"Clay, Concrete, Glass and Stone Processing Machine Operators",Northern Australia,2026-07-01,0
4,7112,Industrial Spraypainters,Northern Australia,2026-07-01,11
4,7113,Paper and Wood Processing Machine Operators,Northern Australia,2026-07-01,0
4,7114,Photographic Developers and Printers,Northern Australia,2026-07-01,0
4,7115,Plastics and Rubber Production Machine Operators,Northern Australia,2026-07-01,6
4,7116,Sewing Machinists,Northern Australia,2026-07-01,4
4,7117,Textile and Footwear Production Machine Operators,Northern Australia,2026-07-01,0
4,7119,Other Machine Operators,Northern Australia,2026-07-01,43
4,7121,"Crane, Hoist and Lift Operators",Northern Australia,2026-07-01,43
4,7122,"Drillers, Miners and Shot Firers",Northern Australia,2026-07-01,181
4,7123,Engineering Production Workers,Northern Australia,2026-07-01,6
4,7129,Other Stationary Plant Operators,Northern Australia,2026-07-01,71
4,7211,"Agricultural, Forestry and Horticultural Plant Operators",Northern Australia,2026-07-01,10
4,7212,Earthmoving Plant Operators,Northern Australia,2026-07-01,215
4,7213,Forklift Drivers,Northern Australia,2026-07-01,77
4,7219,Other Mobile Plant Operators,Northern Australia,2026-07-01,56
4,7311,Automobile Drivers,Northern Australia,2026-07-01,3
4,7312,Bus and Coach Drivers,Northern Australia,2026-07-01,45
4,7313,Train and Tram Drivers,Northern Australia,2026-07-01,30
4,7321,Delivery Drivers,Northern Australia,2026-07-01,97
4,7331,Truck Drivers,Northern Australia,2026-07-01,354
4,7411,Storepersons,Northern Australia,2026-07-01,201
1,8,LABOURERS,Northern Australia,2026-07-01,1141
2,81,Cleaners and Laundry Workers,Northern Australia,2026-07-01,242
2,82,Construction and Mining Labourers,Northern Australia,2026-07-01,224
2,83,Factory Process Workers,Northern Australia,2026-07-01,60
2,84,"Farm, Forestry and Garden Workers",Northern Australia,2026-07-01,79
2,85,Food Preparation Assistants,Northern Australia,2026-07-01,52
2,89,Other Labourers,Northern Australia,2026-07-01,484
4,8111,Car Detailers,Northern Australia,2026-07-01,12
4,8112,Commercial Cleaners,Northern Australia,2026-07-01,151
4,8113,Domestic Cleaners,Northern Australia,2026-07-01,0
4,8114,Housekeepers,Northern Australia,2026-07-01,70
4,8115,Laundry Workers,Northern Australia,2026-07-01,7
4,8116,Other Cleaners,Northern Australia,2026-07-01,2
4,8211,Building and Plumbing Labourers,Northern Australia,2026-07-01,106
4,8212,Concreters,Northern Australia,2026-07-01,24
4,8213,Fencers,Northern Australia,2026-07-01,2
4,8214,Insulation and Home Improvement Installers,Northern Australia,2026-07-01,6
4,8215,Paving and Surfacing Labourers,Northern Australia,2026-07-01,0
4,8216,Railway Track Workers,Northern Australia,2026-07-01,6
4,8217,Structural Steel Construction Workers,Northern Australia,2026-07-01,63
4,8219,Other Construction and Mining Labourers,Northern Australia,2026-07-01,17
4,8311,Food and Drink Factory Workers,Northern Australia,2026-07-01,3
4,8312,"Meat Boners and Slicers, and Slaughterers",Northern Australia,2026-07-01,2
4,8313,"Meat, Poultry and Seafood Process Workers",Northern Australia,2026-07-01,4
4,8321,Packers,Northern Australia,2026-07-01,19
4,8322,Product Assemblers,Northern Australia,2026-07-01,2
4,8391,Metal Engineering Process Workers,Northern Australia,2026-07-01,6
4,8392,Plastics and Rubber Factory Workers,Northern Australia,2026-07-01,0
4,8393,Product Quality Controllers,Northern Australia,2026-07-01,17
4,8394,Timber and Wood Process Workers,Northern Australia,2026-07-01,0
4,8399,Other Factory Process Workers,Northern Australia,2026-07-01,8
4,8411,Aquaculture Workers,Northern Australia,2026-07-01,1
4,8412,Crop Farm Workers,Northern Australia,2026-07-01,14
4,8413,Forestry and Logging Workers,Northern Australia,2026-07-01,1
4,8414,Garden and Nursery Labourers,Northern Australia,2026-07-01,20
4,8415,Livestock Farm Workers,Northern Australia,2026-07-01,6
4,8416,Mixed Crop and Livestock Farm Workers,Northern Australia,2026-07-01,26
4,8419,"Other Farm, Forestry and Garden Workers",Northern Australia,2026-07-01,11
4,8511,Fast Food Cooks,Northern Australia,2026-07-01,1
4,8512,Food Trades Assistants,Northern Australia,2026-07-01,1
4,8513,Kitchenhands,Northern Australia,2026-07-01,50
4,8911,Freight and Furniture Handlers,Northern Australia,2026-07-01,29
4,8912,Shelf Fillers,Northern Australia,2026-07-01,8
4,8991,Caretakers,Northern Australia,2026-07-01,14
4,8992,Deck and Fishing Hands,Northern Australia,2026-07-01,8
4,8993,Handypersons,Northern Australia,2026-07-01,71
4,8994,Motor Vehicle Parts and Accessories Fitters,Northern Australia,2026-07-01,28
4,8995,Printing Assistants and Table Workers,Northern Australia,2026-07-01,1
4,8996,Recycling and Rubbish Collectors,Northern Australia,2026-07-01,1
4,8997,Vending Machine Attendants,Northern Australia,2026-07-01,1
4,8999,Other Miscellaneous Labourers,Northern Australia,2026-07-01,321
