occupation_code,onet_code
111131,43-1011.00
111231,11-3031.00
111231,11-3031.01
111331,11-3111.00
111331,11-3121.00
111331,13-1071.00
111431,11-1021.00
111531,11-9041.00
111531,11-9041.01
111531,11-9121.00
112131,11-2011.00
112131,11-2032.00
112133,11-2011.00
112133,11-2021.00
112133,11-2022.00
112231,11-2032.00
112231,27-3031.00
113131,11-3021.00
113131,15-1299.09
113132,11-3021.00
113132,15-1299.09
113231,11-3021.00
113231,15-1299.09
113232,13-1082.00
113232,15-1299.09
121131,11-1011.00
121231,11-1011.00
121231,11-1021.00
121331,11-1011.00
121331,11-1031.00
121332,11-1031.00
131431,13-2023.00
131431,41-9021.00
132233,11-9199.00
133231,11-3061.00
133231,13-1021.00
133231,13-1023.00
133331,11-3061.00
133331,11-3071.04
133331,13-1081.00
141399,11-9111.00
149133,27-2022.00
149199,25-4011.00
149199,25-4012.00
149199,25-4013.00
149999,13-1111.00
151299,45-2092.00
151331,11-9013.00
152933,45-2021.00
152934,45-2021.00
152934,45-2093.00
161631,11-9051.00
161631,35-1011.00
161631,35-2012.00
161932,11-9081.00
161932,37-1011.00
161933,39-1022.00
161933,39-7012.00
162131,41-1011.00
162131,41-1012.00
171131,11-3031.00
171131,13-2061.00
171131,13-2099.04
171231,11-1021.00
171231,11-3012.00
171231,43-1011.00
171331,11-9111.00
171331,43-1011.00
172231,13-1011.00
172231,13-1121.00
172331,11-3013.00
172331,37-1011.00
172532,11-9199.00
211131,11-3031.01
211131,13-2011.00
211131,13-2031.00
211132,11-3031.00
211132,11-3031.01
212131,13-2052.00
212131,43-4141.00
212231,41-3031.00
212332,11-3031.03
212332,13-2051.00
212332,13-2099.01
212333,11-3031.03
212333,13-2051.00
212333,13-2099.01
221131,11-2011.00
221131,11-2032.00
221131,13-1161.00
221231,11-2032.00
221231,11-2033.00
221231,13-1131.00
221431,11-9199.00
221533,13-1161.00
221533,13-1161.01
221533,15-2051.01
221534,11-2011.00
221534,11-2021.00
221534,13-1161.00
221631,41-4011.00
221699,41-4011.00
221699,41-4012.00
221699,41-9031.00
222231,13-1011.00
222231,13-1071.00
222231,27-2012.04
222332,17-2111.00
222332,19-5011.00
222332,19-5012.00
222431,13-1151.00
223131,15-2011.00
223132,15-2021.00
223132,19-2012.00
223132,25-1022.00
223133,13-2099.01
223133,15-2021.00
223133,15-2041.00
223234,15-2051.00
223331,33-3021.06
223331,33-9021.00
223432,13-1082.00
223432,15-2031.00
223933,15-2051.02
231131,27-2011.00
231199,27-2099.00
231231,27-3043.05
231332,27-3011.00
231332,27-3023.00
231332,27-3041.00
231334,27-3042.00
231399,27-3043.00
231399,27-3043.05
231433,27-4021.00
231433,27-4031.00
231433,27-4032.00
231434,27-4032.00
231435,13-1199.00
231435,27-1011.00
231435,27-1019.00
231438,27-1011.00
231438,27-2012.05
231499,13-1011.00
231499,27-2012.04
231531,27-2012.00
231531,27-2012.03
231531,27-2012.05
231631,27-2041.00
231631,27-2042.00
231632,27-2041.00
231632,27-2042.00
231634,27-2041.00
231634,27-2042.00
231699,27-2041.00
231699,27-2042.00
231732,27-1012.00
231732,51-9195.00
231732,51-9195.05
231733,27-1012.00
231733,49-9045.00
231733,51-9195.00
232131,25-4022.00
232131,25-4031.00
232231,21-2011.00
232231,21-2021.00
232331,19-3091.00
232331,19-3093.00
232332,15-1299.03
232332,25-4011.00
232332,25-4012.00
232333,13-2099.01
232333,15-2041.00
232333,19-3011.00
232336,19-3093.00
232336,25-1125.00
232399,13-1041.06
232399,15-1299.02
232399,17-1021.00
241131,11-9041.00
241131,17-1011.00
241131,17-1012.00
241132,17-1011.00
241132,17-1012.00
241132,37-1012.00
241231,15-1299.02
241231,17-1021.00
241231,17-3031.00
241234,15-1299.02
241234,17-1021.00
241234,17-1022.00
241235,17-1022.00
241235,17-1022.01
241299,15-1299.02
241299,17-1021.00
241299,17-1022.00
241331,17-1012.00
241331,17-2051.00
241331,17-2051.01
241932,13-1051.00
241932,17-2051.00
241932,17-3022.00
242231,27-1021.00
242231,27-1022.00
242232,27-1021.00
242232,27-1025.00
242232,27-1027.00
242233,51-9071.00
242234,27-1022.00
242234,51-6092.00
242331,27-1014.00
242332,15-1255.00
242332,27-1011.00
242332,27-1021.00
242333,27-1013.00
242333,27-1021.00
242333,27-1024.00
242431,17-1011.00
242431,27-1021.00
242431,27-1025.00
243131,17-2041.00
243131,19-1012.00
243131,19-2031.00
243133,17-2131.00
243133,17-3022.00
243133,19-2032.00
243231,17-1011.00
243231,17-2051.00
243231,17-2051.01
243235,17-2051.00
243235,17-2051.01
243235,17-3022.00
243236,11-9121.02
243236,17-2051.02
243236,19-2043.00
243331,17-2071.00
243431,17-2061.00
243431,17-2071.00
243431,17-2072.00
243531,13-1082.00
243531,15-2031.00
243531,17-2112.00
243532,17-2011.00
243532,17-2021.00
243532,17-2141.00
243632,17-2171.00
243932,17-2011.00
243932,17-2141.01
243932,17-3021.00
243933,11-9121.01
243933,17-2031.00
243933,17-2199.09
243934,17-3026.00
243935,11-1011.03
243935,11-9121.02
243935,11-9199.11
243937,17-2199.05
243937,17-2199.08
243937,17-3024.01
243938,17-1011.00
243938,17-2121.00
244132,17-2021.00
244132,19-1013.00
244132,19-4012.00
244133,17-2021.00
244133,19-1013.00
244133,19-4012.00
244135,19-1032.00
244231,17-2041.00
244231,19-2031.00
244231,19-4031.00
244232,19-1012.00
244232,19-4013.00
244232,29-1031.00
244233,19-1012.00
244333,17-2081.00
244333,19-1013.00
244333,19-1023.00
244432,11-1011.03
244432,11-9121.02
244432,11-9199.11
244499,19-1013.00
244499,19-1031.00
244499,19-2041.00
244531,17-2151.00
244531,19-2042.00
244531,19-2043.00
244532,19-2042.00
244532,19-2099.01
244532,19-4043.00
244533,11-9121.02
244533,17-2051.02
244533,19-2043.00
244632,17-1012.00
244632,19-1013.00
244632,27-1023.00
244634,19-1023.00
244634,19-1029.04
244634,19-1031.00
244635,19-1021.00
244635,19-1022.00
244635,19-1029.02
244699,13-1041.07
244699,17-2031.00
244699,17-3026.01
244931,25-4013.00
244931,49-9071.00
244932,19-2021.00
244932,19-2099.01
244933,15-2021.00
244933,17-2112.01
244933,17-2199.09
244999,19-2032.00
251231,25-2011.00
251231,25-2012.00
251231,25-2021.00
251331,25-2012.00
251331,25-2021.00
251331,25-2022.00
252231,25-1194.00
252231,25-2032.00
261134,19-3033.00
261134,19-3039.02
261134,19-3039.03
261231,19-3032.00
261231,19-3033.00
261231,19-3034.00
261331,11-9151.00
261331,19-3033.00
261331,21-1011.00
261931,29-1125.00
261931,29-1129.01
261931,29-1129.02
261933,19-3039.03
261933,29-1122.00
261933,29-1125.00
262131,29-1011.00
262131,29-1081.00
262131,29-1215.00
262231,29-1128.00
262331,21-1015.00
262331,29-1122.00
262331,29-1122.01
262431,29-1011.00
262431,29-1081.00
262431,29-1122.00
262531,29-1011.00
262531,29-1021.00
262531,29-1022.00
262931,29-1021.00
262931,29-1022.00
262931,29-1023.00
263131,29-2033.00
263132,29-1124.00
263132,29-1126.00
263132,29-1212.00
263231,21-1091.00
263231,29-1031.00
263231,29-2051.00
263331,29-1041.00
263331,29-1071.00
263331,29-1122.01
263432,29-1051.00
263432,29-2052.00
263432,31-9095.00
263931,29-1127.00
263931,29-1181.00
263931,31-9099.01
263935,29-1022.00
263935,29-1041.00
263935,29-1081.00
264231,29-1171.00
264231,29-1212.00
264231,29-1214.00
264332,29-1212.00
264342,29-1217.00
264399,29-1229.04
264431,29-1223.00
264638,29-1229.03
264931,29-1213.00
264937,29-1224.00
265131,29-1141.04
265131,29-1161.00
265131,29-1171.00
265431,29-1171.00
269131,29-1011.00
269131,29-1021.00
269131,29-1022.00
269231,29-1022.00
269231,29-1023.00
269231,29-1024.00
269232,29-1021.00
269232,29-1022.00
269232,29-1023.00
269332,21-1094.00
269332,29-2051.00
269332,31-1121.00
269432,29-2043.00
269531,19-1011.00
269531,29-1131.00
269531,29-2056.00
269532,29-2056.00
269532,29-9093.00
269931,29-1291.00
269931,29-1299.01
269931,29-2051.00
269999,29-1011.00
269999,29-1071.00
269999,29-1081.00
271133,15-1212.00
271136,13-1199.04
271136,15-1212.00
271136,15-1244.00
271231,15-1242.00
271231,15-1243.00
271231,15-1243.01
271232,15-1231.00
271232,15-1244.00
272131,15-1231.00
272131,15-1241.00
272131,15-1241.01
272233,15-1253.00
272331,15-1231.00
272331,15-1241.01
272331,17-2072.01
273131,15-1252.00
273131,15-1255.01
273132,15-1251.00
273132,15-1254.00
273132,15-1255.00
273232,15-1211.00
273234,15-1211.00
273234,15-1211.01
273234,15-1221.00
273331,15-1242.00
273331,15-1299.07
273331,15-1299.08
273333,15-1211.00
273333,15-1251.00
273333,15-1252.00
281233,13-1041.06
281233,23-1011.00
281233,23-1012.00
281299,13-1041.03
281299,13-1071.00
281299,13-1075.00
299132,53-2021.00
299132,53-2022.00
299132,53-6051.01
299133,53-2011.00
299134,53-2011.00
299134,53-2012.00
311231,29-1071.01
311231,29-1126.00
311231,29-1151.00
311232,29-1021.00
311232,29-1022.00
311232,29-1023.00
311233,29-2011.00
311233,29-2012.00
311233,29-2012.01
311299,29-1023.00
311299,29-1024.00
311299,29-2055.00
311431,29-1071.00
311431,29-9093.00
311431,31-9092.00
311531,19-4031.00
311532,17-1022.01
311532,17-3031.00
311532,19-2042.00
312134,17-1012.00
312134,27-1023.00
312134,27-1025.00
312135,15-1299.02
312135,17-1021.00
312135,17-1022.00
312231,13-1041.04
312231,17-3022.00
312231,47-4011.00
312432,47-1011.00
312432,53-1042.00
313132,13-1041.04
313132,17-2051.00
313132,17-2051.01
313232,17-2071.00
313232,17-3023.00
313232,47-3013.00
313433,53-6051.00
313436,53-5011.00
313436,53-5021.00
313932,17-2072.00
313932,17-2072.01
313932,17-3023.00
313934,17-2011.00
313934,17-3021.00
313934,17-3024.00
314136,15-1254.00
314136,15-1255.00
314136,15-1299.01
321131,35-1011.00
321131,35-2012.00
321131,35-2013.00
322131,51-3011.00
322331,35-1011.00
322331,35-2011.00
322331,35-2012.00
331131,47-2011.00
331131,47-2211.00
331931,51-4022.00
331933,39-2021.00
331935,51-4033.00
331935,51-4193.00
331935,51-9022.00
332132,49-2091.00
332132,49-3011.00
332132,51-2011.00
332232,49-9094.00
332232,51-4034.00
332232,51-4041.00
332333,49-9064.00
332333,51-2061.00
332334,49-2098.00
332334,49-9011.00
332334,49-9094.00
332335,49-9062.00
332335,49-9064.00
332335,51-2061.00
332338,49-9064.00
332338,49-9091.00
332338,49-9094.00
341132,39-2011.00
341134,33-9011.00
341134,39-2011.00
341134,39-2021.00
341231,29-2056.00
341231,31-9096.00
342232,37-3012.00
342232,37-3013.00
342232,45-4021.00
342432,17-1012.00
342432,37-1012.00
342432,37-3011.00
343137,45-1011.00
351231,49-2092.00
351231,49-2096.00
351231,49-3023.00
351432,49-3091.00
351436,49-3052.00
362131,47-2121.00
362131,49-3022.00
363131,47-2152.00
363131,47-3015.00
363932,47-2152.00
363932,49-2098.00
369131,51-7011.00
369131,51-7021.00
371131,47-2021.00
371131,47-2022.00
371131,47-2044.00
371132,39-4011.00
371132,47-2022.00
371132,47-2044.00
371231,47-2021.00
371231,47-2022.00
371231,47-2043.00
372131,47-2031.00
372131,47-3012.00
372131,49-9095.00
372132,47-2031.00
372132,47-3012.00
372132,49-9095.00
381231,47-2111.00
381231,47-3013.00
381231,49-2092.00
381232,49-2096.00
381233,47-2111.00
381233,47-3013.00
381233,47-5043.00
381234,47-4021.00
381234,49-2098.00
382131,49-9021.00
382234,15-1232.00
382234,49-2011.00
382234,49-9031.00
382334,15-1241.01
382334,49-2021.00
382334,49-2022.00
391131,39-4011.00
391132,25-4031.00
391231,27-2091.00
391231,27-4032.00
391232,27-4012.00
391232,49-2097.00
391233,27-4031.00
391234,27-4015.00
391299,27-2012.05
391331,27-4021.00
391331,39-3021.00
391331,51-9151.00
391433,51-5112.00
391434,51-5112.00
391434,51-9199.00
391932,51-9071.00
391932,51-9071.06
392131,39-5011.00
392131,39-5092.00
392131,39-5093.00
392132,39-5011.00
392132,39-5012.00
392132,39-5092.00
399131,51-8091.00
399133,51-8013.00
399231,47-5011.00
399231,47-5012.00
399231,47-5071.00
399433,39-3092.00
399433,51-6052.00
399437,51-6041.00
399437,51-6042.00
399438,51-6051.00
399438,51-6093.00
399438,51-7021.00
399531,51-7021.00
399531,51-9123.00
399931,49-9044.00
399931,49-9092.00
399931,49-9096.00
399938,49-9044.00
399938,49-9098.00
399938,51-2011.00
399999,47-2121.00
399999,51-9195.04
411531,27-3091.00
411531,27-3092.00
411531,31-9099.01
411532,27-3091.00
411532,27-3092.00
411532,43-9022.00
411632,21-1021.00
431331,31-1121.00
431331,31-1122.00
431331,39-9011.00
432231,25-9042.00
432231,25-9043.00
441231,11-9179.02
441231,29-1291.00
441231,31-2021.00
441331,21-1013.00
441331,21-1014.00
441331,21-1023.00
442231,29-1071.01
442231,29-2053.00
442231,29-2061.00
442331,31-9091.00
442531,31-1131.00
442531,31-1133.00
442532,31-1132.00
451232,33-1021.00
451232,33-2011.00
451232,33-2021.00
452131,21-1092.00
452131,33-1011.00
452131,33-3012.00
452238,11-9199.08
452238,13-1199.07
452238,33-1091.00
461131,39-5012.00
461131,39-5092.00
461131,39-5093.00
461231,39-5091.00
461231,39-5092.00
461231,41-9012.00
461232,39-5091.00
461333,13-1041.06
461333,39-4011.00
461333,39-4012.00
461499,33-9011.00
461499,39-2011.00
461499,39-2021.00
461531,25-3099.00
461633,39-7011.00
461633,39-7012.00
461731,53-2031.00
461731,53-6061.00
461831,39-7011.00
461831,39-7012.00
461831,41-3041.00
461937,21-2011.00
461937,21-2021.00
461937,39-4031.00
461941,21-1091.00
461941,29-1031.00
461941,29-2051.00
461999,15-2021.00
462131,25-2059.01
462131,29-1128.00
462131,39-9031.00
462231,39-9031.00
462433,27-2022.00
462433,29-9091.00
462442,25-3099.00
462443,25-2059.01
462443,27-2022.00
462443,29-9091.00
471131,35-3011.00
471131,35-3023.01
471231,35-3011.00
471231,35-3023.00
471231,35-3023.01
471535,37-1011.00
471631,35-9099.00
471632,35-3031.00
521231,23-1012.00
521231,23-1022.00
521231,23-1023.00
521234,23-1011.00
521234,23-1012.00
521234,23-1021.00
521235,43-4031.00
521235,43-6012.00
522131,43-1011.00
522131,43-3051.00
522131,43-6011.00
522231,43-6011.00
522231,43-6014.00
531131,43-3071.00
531131,43-4141.00
531231,13-2041.00
531231,13-2071.00
531231,13-2072.00
531332,41-3031.00
531333,13-2072.00
531333,43-4131.00
531334,13-2053.00
531334,41-3021.00
531334,41-3091.00
531431,43-3021.00
531431,43-9041.00
541331,11-3121.00
541331,43-3031.00
541331,43-3051.00
542131,13-2011.00
542131,43-3021.00
542131,43-3031.00
549132,33-9031.00
549132,39-1013.00
549132,39-3011.00
549133,13-2081.00
549133,43-3011.00
549133,43-3021.00
551132,41-9041.00
551132,43-1011.00
551232,43-2021.00
553131,43-2011.00
553131,43-4021.00
553131,43-4081.00
561232,23-2011.00
561232,27-3092.00
561232,43-4031.00
561233,43-2021.00
561233,43-4021.00
561233,43-9021.00
571431,43-5071.00
571431,43-5111.00
571931,43-5011.01
591135,17-3028.00
591135,43-3021.00
591135,43-5041.00
591999,11-9199.01
591999,11-9199.02
591999,13-1041.00
599131,15-1211.01
599131,29-2072.00
599131,31-9092.00
599132,25-4022.00
599132,25-4031.00
599132,43-4121.00
599331,43-4021.00
599331,43-5052.00
599331,43-5053.00
599931,15-1211.01
599931,29-2072.00
599931,31-9094.00
599932,13-1041.08
599938,11-9121.01
599938,13-1161.00
599938,19-3022.00
611131,41-2011.00
619132,41-9012.00
619133,41-9011.00
619134,41-9041.00
619135,27-1025.00
619135,27-1026.00
619931,35-9031.00
619931,39-3031.00
619931,39-3091.00
621131,13-1031.00
621131,13-2053.00
621131,13-2054.00
622231,41-9021.00
622232,23-2093.00
622232,41-9021.00
622232,41-9022.00
631131,41-2022.00
631131,41-2031.00
631131,41-9091.00
631531,41-2011.00
631631,53-6031.00
711134,33-9094.00
711134,53-3033.00
711134,53-3053.00
711231,33-9094.00
711231,53-3032.00
711231,53-3051.00
711333,33-9091.00
711333,33-9094.00
711333,53-3051.00
731231,51-9196.00
731332,51-4072.00
731332,51-9041.00
731432,51-6063.00
731933,47-2051.00
731938,39-4011.00
731938,47-2022.00
731938,47-2043.00
731999,27-4031.00
731999,39-3021.00
732131,47-2072.00
732131,53-3032.00
732131,53-7021.00
732231,51-4034.00
732231,51-4035.00
732231,51-4041.00
741231,47-2071.00
741231,47-2072.00
741231,47-2073.00
741233,47-2071.00
741233,47-2072.00
741233,47-2073.00
741234,47-2061.00
741234,47-2071.00
741234,47-2072.00
741235,47-2071.00
741235,47-2072.00
741235,47-2073.00
741331,53-7051.00
741936,47-2071.00
741936,47-2072.00
741936,47-2073.00
741937,53-7062.00
741999,53-7031.00
811231,37-2011.00
811231,37-2012.00
811332,39-3093.00
811332,51-6011.00
811432,37-1011.00
811432,37-2012.00
811432,39-1022.00
811933,35-9021.00
811933,37-2011.00
811933,37-2012.00
811999,37-2021.00
821331,47-4031.00
831133,51-3091.00
831232,51-3021.00
831232,51-3022.00
831232,51-3023.00
832231,51-2021.00
832231,51-2022.00
832231,51-2023.00
839138,53-7062.00
839138,53-7062.04
839138,53-7081.00
839232,43-5111.00
839232,45-2041.00
839232,51-9061.00
841142,45-2092.00
842131,37-3011.00
842131,45-2092.00
842131,47-4031.00
851131,35-2011.00
851131,35-2015.00
851232,35-9021.00
891231,27-1026.00
891231,53-7065.00
899434,49-3091.00
899434,49-3093.00
899434,51-9197.00
131131,11-9021.00
131231,11-9041.00
131331,11-9021.00
132131,11-3051.00
132231,19-1031.00
132232,11-3051.00
132233,11-3051.00
133131,13-1022.00
133132,41-4011.00
141131,11-9032.00
141132,11-9032.00
141231,11-9031.00
141431,11-9033.00
141432,11-9033.00
141499,11-9033.00
149232,33-1021.00
149233,33-1012.00
149431,33-9032.00
151332,11-9013.00
161231,11-9051.00
161232,11-9051.00
161331,39-1022.00
161334,39-1022.00
161335,39-1022.00
161431,11-1021.00
161531,11-1021.00
161931,11-1021.00
172131,43-1011.00
172132,43-1011.00
172531,11-3071.00
172532,11-3071.00
172533,11-3071.00
221331,43-9061.00
221332,43-9061.00
223932,13-1051.00
223934,13-1041.00
223999,43-9061.00
242132,15-1255.00
244731,29-2011.00
251131,25-2011.00
251431,25-2051.00
251432,25-2051.00
251433,25-2051.00
252131,25-1022.00
252131,25-1042.00
252131,25-1066.00
252131,25-1112.00
252132,25-1022.00
252132,25-1042.00
252132,25-1066.00
259131,25-3021.00
259231,25-1121.00
259232,25-3021.00
259233,25-1121.00
259299,25-3021.00
259332,25-9031.00
259431,25-1121.00
259531,25-3011.00
259932,21-1012.00
259933,21-1012.00
259999,21-1012.00
261131,21-1014.00
261132,21-1011.00
261133,21-1013.00
261135,21-1015.00
261136,21-1012.00
264131,29-1211.00
265231,25-1071.00
265232,19-1041.00
265331,11-9111.00
272231,15-1253.00
272232,15-1232.00
281131,23-1011.00
281236,23-1011.00
281237,23-1011.00
281331,23-1011.00
299231,33-3051.00
311131,19-4012.00
311132,19-4012.00
311133,19-4012.00
311134,13-1041.00
311135,33-3031.00
311136,17-2021.00
311137,45-2011.00
311138,45-2011.00
311199,19-4012.00
312131,17-3011.00
312234,19-5011.00
313331,11-9041.00
313531,47-1011.00
313931,49-9062.00
313935,19-4031.00
313936,17-3029.01
313999,19-4031.00
314132,49-2022.00
314133,49-2022.00
314134,15-1241.01
314135,49-2022.00
322231,51-3021.00
331936,47-2211.00
332331,51-4062.00
332337,51-4111.00
341133,39-2011.00
342331,27-1023.00
342531,37-1012.00
342532,37-3011.00
342931,37-3011.00
343132,45-3031.00
343133,45-1011.00
343135,45-2092.00
343331,45-2093.00
351331,49-3021.00
351531,49-3021.00
351532,51-6093.00
351631,51-9123.00
361131,47-2041.00
361231,47-2141.00
362231,47-2161.00
362232,47-2161.00
362331,47-2181.00
362431,47-2042.00
369932,47-2073.00
369933,47-2181.00
381131,49-9051.00
391431,51-5111.00
391531,47-2141.00
399331,37-2021.00
399937,51-8012.00
411232,21-1093.00
411331,29-1125.00
411332,21-1093.00
411333,21-1093.00
411635,21-1093.00
421132,21-1093.00
421231,31-1131.00
422231,21-1093.00
422232,21-1093.00
432932,39-9041.00
441131,29-2061.00
441931,21-1094.00
441932,21-1094.00
451131,33-9032.00
451331,33-3051.00
461531,25-3021.00
461631,25-4013.00
461632,39-7012.00
462331,39-9032.00
462399,39-9032.00
462438,39-9032.00
462631,27-2021.00
462632,27-2021.00
462633,27-2021.00
462699,27-2021.00
471331,35-9011.00
471432,41-3011.00
471532,35-1012.00
471534,41-1011.00
471931,35-9011.00
471932,39-3031.00
471999,35-3031.00
511131,11-3012.00
511231,13-1082.00
531531,33-9021.00
531532,13-1031.00
531533,13-1032.00
541131,43-3031.00
541231,13-1051.00
549131,41-2011.00
551231,43-9061.00
561131,43-9061.00
599231,43-4161.00
599232,43-9061.00
619932,13-1022.00
619933,41-2031.00
619935,13-1022.00
619999,41-2031.00
621231,41-4011.00
621232,41-4011.00
621233,41-4011.00
621234,41-4011.00
621299,41-4011.00
631231,41-2031.00
631331,41-4011.00
631431,41-2031.00
631432,41-4011.00
631931,41-9091.00
631932,53-7065.00
631933,41-2021.00
631934,41-9091.00
631999,41-2031.00
712131,53-7062.00
712231,53-3033.00
712232,43-5052.00
713131,53-3032.00
713132,53-3033.00
713231,53-3032.00
713232,53-3032.00
721131,53-7065.00
721132,53-1043.00
731131,51-9123.00
731132,51-9123.00
731431,51-6031.00
731931,51-8091.00
731934,51-9021.00
731936,51-9151.00
731937,31-9093.00
732431,51-8031.00
732931,51-8021.00
732932,53-7021.00
732933,51-9023.00
732934,47-2073.00
732935,53-4031.00
732936,43-5111.00
732999,51-9023.00
741131,45-2091.00
741132,45-4022.00
741932,53-7062.00
741934,53-4013.00
811131,37-2011.00
811531,53-6031.00
821131,47-4041.00
821132,47-2061.00
821134,47-2061.00
821135,47-5022.00
821231,47-2121.00
821232,47-2121.00
821431,47-2131.00
821432,47-2061.00
821433,47-2061.00
821434,47-2061.00
821499,47-2061.00
821531,47-2071.00
821631,47-2151.00
821632,47-2151.00
821633,47-2151.00
821731,47-2221.00
821732,47-2221.00
821733,47-2221.00
821931,47-5023.00
821932,47-2131.00
821933,47-5022.00
821934,53-4031.00
821935,47-4061.00
821936,17-3031.00
831331,51-3023.00
831332,51-3023.00
831333,51-3023.00
832131,53-7065.00
832132,53-7065.00
832133,53-7065.00
832134,53-7065.00
832135,53-7065.00
839135,51-4121.00
839136,51-9196.00
839137,51-4072.00
839141,51-7041.00
839199,51-9023.00
841231,45-2093.00
841232,45-2093.00
841233,45-2093.00
841234,45-2093.00
841235,45-2093.00
841236,45-2093.00
841237,45-2093.00
841238,39-2021.00
841241,45-2041.00
841299,45-2093.00
841331,45-2093.00
841332,45-2092.00
841399,45-2092.00
842931,45-4011.00
842932,45-4011.00
842933,45-2092.00
842999,37-3011.00
851233,35-2021.00
851299,35-2021.00
891131,53-7062.00
891132,53-7062.00
899131,37-2011.00
899231,45-3031.00
899232,45-3031.00
899331,49-9071.00
899935,53-7081.00
899941,49-9091.00
